作者,作者主页,发布信息,创建时间,编辑时间,采集时间,笔记ID,note_url,标题,正文内容,标签,点赞数,收藏数,评论数,媒体类型,封面链接,video_url,image_list,评论详情
林木校招求职,https://www.xiaohongshu.com/user/profile/64d49e30000000000101e738?channel_type=web_profile_page&xsec_token=ABYPgztoOKQK5sZA1JvO-UNRiB5RPqiMu245LBSQak6fY%3D&xsec_source=pc_note,01-30,2025/01/30 19:00:58,2025/01/24 21:12:56,2025-04-03T02:22:16.449Z,679391d70000000028028820,https://www.xiaohongshu.com/explore/679391d70000000028028820?xsec_token=ABoEOsQ1HKAfprEnEOtTDT3xqrWjje7f13Kyv4w5_8a8A=&xsec_source=pc_user,关于放假前老板让我，在过年期间更新视频,,#过年|#求职|#年前工作状态belike|#别人过年我上班|#接offer|#林木求职|#林木求职陪跑|#春节快乐|#找工作|#新年有福满,17,1,0,video,http://sns-webpic-qc.xhscdn.com/202504031022/084c48a0f860d803751cf3495d84bb90/spectrum/1040g0k031d1n90c016005p6kjoo0bppougdb8r0!nc_n_webp_mw_1,https://sns-video-bd.xhscdn.com/spectrum/1040g0jg31d1n8vqj08005p6kjoo0bppod1lq6bo,,
林木校招求职,https://www.xiaohongshu.com/user/profile/64d49e30000000000101e738?channel_type=web_profile_page&xsec_token=ABYPgztoOKQK5sZA1JvO-UNRiB5RPqiMu245LBSQak6fY%3D&xsec_source=pc_note,01-22,2025/01/22 19:46:49,2025/01/22 19:46:49,2025-04-03T02:22:21.476Z,6790daa8000000001800718c,https://www.xiaohongshu.com/explore/6790daa8000000001800718c?xsec_token=ABwNt0UUTQG8vOPFsmMO49tYn-7RIzPXg8_CS6ESg4Hf0=&xsec_source=pc_user,大厂产品经理实习生，都是表面的光鲜罢了,大厂产品经理实习生，都是表面的光鲜罢了，实际上都是…… 大厂产品实习生每天都在干什么？我们可以分成三个阶段来了解： 实习生三件套 取数 竞品调研 用户调研准备 参与简单方案设计 参与业务相关迭代 基于这些我们就知道如何让实习更有价值~ 理解阶段是有顺序的 保持积极和空杯的心态 戒掉学生思维 林木产品经理 林木产品经理进阶课 找工作啊找工作,#林木求职|#求职陪跑|#c牛马o述职年会|#林木产品经理|#产品经理|#产品实习生|#互联网|#求职|#春招,389,285,33,video,http://sns-webpic-qc.xhscdn.com/202504031022/84df3d83afa2cfa4b7eb51fabe9a9394/spectrum/1040g34o31cv4c7e7080g5p6kjoo0bppoc8oqnn0!nc_n_webp_mw_1,https://sns-video-bd.xhscdn.com/spectrum/1040g35831cv464gu080g5p6kjoo0bppo2dr85i0,,
林木校招求职,https://www.xiaohongshu.com/user/profile/64d49e30000000000101e738?channel_type=web_profile_page&xsec_token=ABYPgztoOKQK5sZA1JvO-UNRiB5RPqiMu245LBSQak6fY%3D&xsec_source=pc_note,01-27,2025/01/27 19:03:01,2025/01/24 17:19:48,2025-04-03T02:22:26.891Z,67935b3300000000180062d6,https://www.xiaohongshu.com/explore/67935b3300000000180062d6?xsec_token=ABoEOsQ1HKAfprEnEOtTDT3zmrzx8_Amv5pPL0h2cVT_U=&xsec_source=pc_user,字节面试官：最看重候选人的“思考能力”,面试官为什么会说你思考的深度不够呢？作文过去*节的面试官 今天给大家讲讲如何回答这个问题~ 思考深度可以从三个层面体现 价值层面 面试官想听的是：为什么解决这个问题特别重要？从哪看到的机会点、决策逻辑是什么？ 最优解层面 为什么会选择这种方式解决问题？ 讲出决策逻辑 执行深度层面 逻辑是什么？为什么会得出这种结论呢？ 别人过年我上班 ﻿#思考深度 林木 林木进阶指南 林木求职陪跑 经验分享,#求职|#林木求职|#求职陪跑|#面试|#面试技巧|#互联网|#大厂|#offer|#别人过年我上班,121,114,9,video,http://sns-webpic-qc.xhscdn.com/202504031022/ed5fa0386c09a19c30134934f32bd9d5/spectrum/1040g0k031d1j3qo3h6005p6kjoo0bppofn8cf7o!nd_dft_wlteh_webp_3,https://sns-video-bd.xhscdn.com/spectrum/1040g35831d1i1uga12005p6kjoo0bppo42toll8,,"林木校招求职: 求职一本通：offer (01-25, 点赞:赞)|  ↳林木校招求职: ④💌我666令页 (01-25, 点赞:赞)||小红薯A3D9CE60: offer (02-13, 点赞:赞)|  ↳林木校招求职: ④💌我666 (02-13, 点赞:赞)||咦xixi: offer (01-27, 点赞:赞)|  ↳林木校招求职: 好的 (01-27, 点赞:赞)||绣衣楼霸王(泰迪小狗版): offer (01-27, 点赞:赞)|  ↳林木校招求职: 好的 (01-27, 点赞:赞)"
林木校招求职,https://www.xiaohongshu.com/user/profile/64d49e30000000000101e738?channel_type=web_profile_page&xsec_token=ABYPgztoOKQK5sZA1JvO-UNRiB5RPqiMu245LBSQak6fY%3D&xsec_source=pc_note,02-07,2025/02/07 12:22:08,2025/02/07 12:22:08,2025-04-03T02:22:34.015Z,67a58a700000000029019490,https://www.xiaohongshu.com/explore/67a58a700000000029019490?xsec_token=AB7nMTsGPxegYoxEzsL6uKAtJdCxolngR7b81fd42W5_E=&xsec_source=pc_user,校招生入局ai的最佳时间点，就是现在,"如果你想入局ai，但是0经验，没有明确的目标规划，不知道自己能不能入行，带上你的问题+背景信息，👇点击下方【咨询按钮】👇，我会告诉你快速上岸、拿到好offer的方式。 	 💡因为deepseek对于整个AI行业的冲击，按照移动互联网爆发的趋势 今年会连带着对校招岗位也会有影响。整体上的趋势是hc变多，要求略变低。整个AI领域的校招，它的难度可能会低于秋招。因为deepseek的推动下，做预训练的公司，做垂直大模型以及AI应用的公司都会变多。 同时大厂一定会跟deepseek去卷预训练。 	 ✅所以我会建议背景不错的校招生、实习生同学，可以考虑AI赛道 如果风险可控，要做的是立马跟上，而不是等，时间越久，门槛越高。 	 虽然我们不随意追逐风口，但是，当在想清楚自己的目标时，有快车道，有电梯的时候，是没必要走楼梯的。 过去几年，有电商的红利，短视频的红利，所有抓住红利的人，晋升的速度，都远超同龄人。 	 🔍如果你也想趁早进入ai领域，但是不知道怎么规划、简历没有竞争力，我们可以帮你: ✅1v1规划匹配你、发展好的赛道 ✅根据个人背景定制专属项目 ✅真正掌握所有大厂AI岗位的工作细节 ✅不只做项目，系统教授ai知识，轻松应对面试 ✅简历重塑与面试指导，跟“命题组""学解题 	 如果你是校招生想进ai领域，无论是ai产品经理、ai解决方案、算法岗等，不知道怎么规划，或者之前没有相关的实习，不知道怎么弥补，都可以点击下方【咨询按钮】，告诉你好上岸、拿到好offer的方式。",#林木求职|#求职|#校招|#找工作|#求职陪跑|#AI|#实习|#AI赛道|#林木产品经理|#AI产品经理,35,23,0,images,https://ci.xiaohongshu.com/spectrum/1040g34o31djajsd7gc0g5p6kjoo0bppopn16s2g?imageView2/format/png,,"https://ci.xiaohongshu.com/spectrum/1040g34o31djajsd7gc0g5p6kjoo0bppopn16s2g?imageView2/format/png, https://ci.xiaohongshu.com/spectrum/1040g34o31djam6thh2005p6kjoo0bppoqa1j5m0?imageView2/format/png, https://ci.xiaohongshu.com/spectrum/1040g34o31djbbehg120g5p6kjoo0bppos7l1o0g?imageView2/format/png, https://ci.xiaohongshu.com/spectrum/1040g0k031djb7ltd08005p6kjoo0bppogqo0kfo?imageView2/format/png",
林木校招求职,https://www.xiaohongshu.com/user/profile/64d49e30000000000101e738?channel_type=web_profile_page&xsec_token=ABYPgztoOKQK5sZA1JvO-UNRiB5RPqiMu245LBSQak6fY%3D&xsec_source=pc_note,02-06,2025/02/06 20:02:39,2025/02/06 20:02:40,2025-04-03T02:22:37.155Z,67a4a4df00000000180100e7,https://www.xiaohongshu.com/explore/67a4a4df00000000180100e7?xsec_token=ABQ8j_g0PcjoIdEEcfKlPkUW-es9_Cqh3P-Msw2HnwHy4=&xsec_source=pc_user,去年ai产品经理在招什么样的校招生（主观版,今年校招到底什么样的人才能做AI产品经理？ 今天这个视频带大家了解一下不同规模的公司AI产品经理的门槛是什么。 我们从三个维度入手分别是： 1.学校 2.实习 3.专业,#春招|#求职陪跑|#求职|#找工作|#职场进阶指南|#校招|#AI产品经理|#林木求职|#林木产品经理|#产品经理,184,151,95,video,http://sns-webpic-qc.xhscdn.com/202504031022/4db5558ad9104b0ce61d8b960e287265/spectrum/1040g34o31dien250h6005p6kjoo0bppoqd2lrqg!nd_dft_wlteh_webp_3,https://sns-video-bd.xhscdn.com/spectrum/1040g0jg31diec152ge005p6kjoo0bppop0mupp8,,"林木校招求职: Ai文档：offer (02-06, 点赞:赞)|  ↳林木校招求职: ④💌我666令页 (02-06, 点赞:赞)||小方脸儿有点圆: Offer (03-10吉林, 点赞:赞)|  ↳林木校招求职: 招呼🈵了④戳我呀 (03-10北京, 点赞:赞)||你怎么毛茸茸的: offer (03-02, 点赞:赞)|  ↳林木校招求职: 招呼满了，✉️戳我 (03-02, 点赞:赞)||Jiujou: offer (03-02, 点赞:赞)|  ↳林木校招求职: 招呼满了，✉️戳我 (03-02, 点赞:赞)||向小饼学习🍪: offer (03-02, 点赞:赞)|  ↳林木校招求职: 招呼满了，✉️戳我 (03-02, 点赞:赞)||我的耶耶呢: offer (03-01, 点赞:赞)|  ↳林木校招求职: 招呼满了，✉️戳我 (03-01, 点赞:赞)||yum: offer (02-27, 点赞:赞)|  ↳林木校招求职: ④📭已回 (02-27, 点赞:赞)||谁做废物小饼干🍪: offer (02-26, 点赞:赞)|  ↳林木校招求职: ④📭已回 (02-26, 点赞:赞)||小趴菜: offer (02-24, 点赞:赞)|  ↳林木校招求职: 已回复 (02-25, 点赞:赞)||轮回的四叶草: offer (02-23, 点赞:赞)|  ↳林木校招求职: ④💌我666 (02-24, 点赞:赞)"
林木校招求职,https://www.xiaohongshu.com/user/profile/64d49e30000000000101e738?channel_type=web_profile_page&xsec_token=ABYPgztoOKQK5sZA1JvO-UNRiB5RPqiMu245LBSQak6fY%3D&xsec_source=pc_note,02-10,2025/02/10 19:40:56,2025/02/10 19:40:56,2025-04-03T02:22:40.263Z,67a9e5c80000000029012fbb,https://www.xiaohongshu.com/explore/67a9e5c80000000029012fbb?xsec_token=ABJpl1cqAS2x_oXwH3dkL5o7ZSRGomQGyxWco9kkWKoPo=&xsec_source=pc_user,春招，选错方向的努力毫无意义,今年春招的三个显著趋势，同学们都了解吗？ 	 👉1.deepseek影响整个ai行业，校招难度可能低于秋招 👉2.商分和数据分析岗位的同学需要提前准备 👉3.整体竞争大于去年,#林木求职|#求职|#春招|#deepseek|#林木求职陪跑|#求职陪跑|#校招|#AI产品经理|#找工作|#offer,160,86,20,video,http://sns-webpic-qc.xhscdn.com/202504031022/7d5d6248ecff34745a0ab67225b5cce7/spectrum/1040g0k031dnjcbh412005p6kjoo0bppo28c2bho!nd_dft_wlteh_webp_3,https://sns-video-bd.xhscdn.com/spectrum/1040g35831dnj8nr0g80g5p6kjoo0bppo2flffig,,"林木校招求职: 校招礼包：offer (02-10, 点赞:赞)|  ↳林木校招求职: ④💌我666令页 (02-10, 点赞:赞)||少岚: offer (02-10, 点赞:1)|  ↳林木校招求职: 💌我666 (02-10, 点赞:赞)||词不达意: offer (02-26, 点赞:赞)|  ↳林木校招求职: ④📭已回 (02-26, 点赞:赞)||大蒜味降落伞: offer (02-11, 点赞:赞)|  ↳林木校招求职: 已回复 (02-11, 点赞:赞)||扬之水（屠雅版）: offer (02-11, 点赞:赞)|  ↳林木校招求职: 💌我666 (02-11, 点赞:赞)||咦xixi: offer (02-10, 点赞:赞)|  ↳林木校招求职: 💌我666 (02-11, 点赞:赞)||绣衣楼霸王(泰迪小狗版): offer (02-10, 点赞:赞)|  ↳林木校招求职: 💌我666 (02-10, 点赞:赞)||_嘴嘴: 设计岗呢 拒绝了秋招的唯一offer  春招好艰难 (03-09上海, 点赞:赞)||雯WEN-: 您好，请问大厂笔试重要吗，他对于最后给不给我发offer占比大嘛 (02-12, 点赞:赞)||珂珂: @昌原小福袋 (02-11, 点赞:赞)"
林木校招求职,https://www.xiaohongshu.com/user/profile/64d49e30000000000101e738?channel_type=web_profile_page&xsec_token=ABYPgztoOKQK5sZA1JvO-UNRiB5RPqiMu245LBSQak6fY%3D&xsec_source=pc_note,01-30,2025/01/30 19:42:00,2025/01/24 18:43:31,2025-04-03T02:22:43.388Z,67936ed3000000002503fe39,https://www.xiaohongshu.com/explore/67936ed3000000002503fe39?xsec_token=ABoEOsQ1HKAfprEnEOtTDT3z8zxhrWgMkH7v0wSmDW7jQ=&xsec_source=pc_user,校招面试泡池子，为什么挂在最后一轮排序上,校招三面后的排序逻辑常被忽视。排序并非按学校、实习经历简单加分。 多数从两方面展开：👇 是从问题出发：非硬性和基础条件的对比 是从亮点出发：①突出的能力②硬性条件可能反映你的优势 怎么排序靠前：👇 .不要有明确的短板 ：要有加分项目 学会给自己贴标签 林木 林木产品经理进阶课 经验分享找工作啊找工作 运营,#林木求职|#求职|#林木产品经理|#年前的工作状态belike|#别人过年我上班|#校招|#面试|#面试技巧|#互联网|#大厂,94,65,20,video,http://sns-webpic-qc.xhscdn.com/202504031022/31a1aaa2a733868462ee656bb786264e/spectrum/1040g34o31d1l3iul120g5p6kjoo0bppoa5e28jo!nd_dft_wlteh_webp_3,https://sns-video-bd.xhscdn.com/spectrum/1040g35831d1lds1sh60g5p6kjoo0bppoh0tghe0,,"林木校招求职: 求职一本通：offer (01-25, 点赞:赞)|  ↳林木校招求职: ④💌我666令页 (01-25, 点赞:赞)||白展胖: offer (03-10上海, 点赞:赞)|  ↳林木校招求职: 招呼🈵了④戳我呀 (03-12北京, 点赞:赞)||神经蛙: 求资料 (02-25, 点赞:赞)|  ↳林木校招求职: 招呼满了，✉️戳我 (03-12北京, 点赞:赞)||街头巷尾: offer (02-18, 点赞:赞)|  ↳林木校招求职: ④💌我666 (02-18, 点赞:赞)||momo: 求资料 (02-11, 点赞:赞)|  ↳林木校招求职: ④💌我666 (02-12, 点赞:赞)||Swag!: 求资料 (02-11, 点赞:赞)|  ↳林木校招求职: ④💌我666 (02-11, 点赞:赞)||Frances: 求资料 (02-06, 点赞:赞)|  ↳林木校招求职: 好的 (02-06, 点赞:赞)||绣衣楼霸王(泰迪小狗版): offer (02-05, 点赞:赞)|  ↳林木校招求职: 好的 (02-05, 点赞:赞)||椰椰汤圆: 求资料 (01-31, 点赞:赞)|  ↳林木校招求职: 好的 (02-04, 点赞:赞)||jack: 学到了学到了 (02-01, 点赞:赞)"
林木校招求职,https://www.xiaohongshu.com/user/profile/64d49e30000000000101e738?channel_type=web_profile_page&xsec_token=ABYPgztoOKQK5sZA1JvO-UNRiB5RPqiMu245LBSQak6fY%3D&xsec_source=pc_note,编辑于 02-08,2025/02/07 20:24:21,2025/02/08 11:18:58,2025-04-03T02:22:46.612Z,67a5fb75000000002503e8a4,https://www.xiaohongshu.com/explore/67a5fb75000000002503e8a4?xsec_token=AB7nMTsGPxegYoxEzsL6uKAu3So87UZq91syZxywNfHE0=&xsec_source=pc_user,决定春招是否顺利的第一标准就是状态,有没有那些秋招一塌糊涂，但是春招还能逆袭的人 答案是有！非常多！ 今天老师告诉大家三点，让你也能春招上岸 ①遇到问题不慌张 ②不要羡慕别人 心态最重要 ③解决自己的问题,#春招|#找工作|#林木求职|#求职|#校招|#求职陪跑|#职场进阶指南|#春招火热进行中|#求职技巧|#春招人,51,31,17,video,http://sns-webpic-qc.xhscdn.com/202504031022/6df3cf538175f34952f70a6f904c3a34/spectrum/1040g34o31dkip33o12005p6kjoo0bppofah11qg!nd_dft_wlteh_webp_3,https://sns-video-bd.xhscdn.com/spectrum/1040g35831djp33us160g5p6kjoo0bppoeljee38,,"林木校招求职: 校招礼包：offer (02-07, 点赞:赞)|  ↳林木校招求职: ④💌我666令页 (02-07, 点赞:赞)||美味佳肴: Offer (02-08, 点赞:1)|  ↳林木校招求职: 好的 (02-08, 点赞:赞)||神经蛙: 统计硕士，请问哪里找到简历模板 (02-25, 点赞:赞)|  ↳林木校招求职: 招呼🈵了④戳我呀 (03-12北京, 点赞:赞)||绯红华尔兹: offer (02-10, 点赞:赞)|  ↳林木校招求职: 💌我666 (02-10, 点赞:赞)||贼比: offer (02-09, 点赞:赞)|  ↳林木校招求职: 好的 (02-09, 点赞:赞)||海天一色: offer (02-08, 点赞:赞)|  ↳林木校招求职: 好的 (02-08, 点赞:赞)||绣衣楼霸王(泰迪小狗版): offer (02-07, 点赞:赞)|  ↳林木校招求职: 好的 (02-07, 点赞:赞)||大蒜味降落伞: offer (02-07, 点赞:赞)|  ↳林木校招求职: 好的 (02-07, 点赞:赞)"
林木校招求职,https://www.xiaohongshu.com/user/profile/64d49e30000000000101e738?channel_type=web_profile_page&xsec_token=ABYPgztoOKQK5sZA1JvO-UNRiB5RPqiMu245LBSQak6fY%3D&xsec_source=pc_note,02-17,2025/02/17 19:12:25,2025/02/17 19:12:25,2025-04-03T02:22:50.563Z,67b3199900000000290092d8,https://www.xiaohongshu.com/explore/67b3199900000000290092d8?xsec_token=ABgISKbtcECTGnbpi881FcfL5Hp8iROb3jA8ySUW3GIZM=&xsec_source=pc_user,春招正式批上新！锐评+种草（主观版,各位同学们，春招岗位上新啦！今天为大家点评以下几家公司，看看有没有适合你的呢？ 哈罗：岗位全面，背景、实习一般的同学以选择；城市运营岗，背景薄弱的同学也可以选择。 花西子：涉及范围广，前端、后端岗位多。 喜马拉雅：只开研发和算法岗位，进一步说明今年校招中ai的岗位会增多，AI实习、AI项目的同学可以选择。 高途：围绕教育线的岗位较多，产研类岗位较少。,#春招|#林木求职|#求职|#求职陪跑|#校招|#实习|#公司推荐|#职场进阶指南|#offer|#找工作,123,85,9,video,http://sns-webpic-qc.xhscdn.com/202504031022/fefa46ee5b114e58db66c4d9082c5c6c/spectrum/1040g34o31e0ipfr4h60g5p6kjoo0bppooeq2cso!nd_dft_wlteh_webp_3,https://sns-video-bd.xhscdn.com/spectrum/1040g35831e0itu62gc105p6kjoo0bppotj4vmqg,,"林木校招求职: offer (02-17, 点赞:赞)|  ↳林木校招求职:  (02-17, 点赞:赞)||大蒜味降落伞: offer (02-18, 点赞:赞)|  ↳林木校招求职: ④💌我666 (02-19, 点赞:赞)||Okk: Offer (02-18, 点赞:赞)|  ↳林木校招求职: ④💌我666 (02-18, 点赞:赞)||绣衣楼霸王(泰迪小狗版): offer (02-17, 点赞:赞)|  ↳林木校招求职: ④💌我666 (02-17, 点赞:赞)||momo: 老师什么时候给英专生推荐推荐 (02-17, 点赞:赞)"
林木校招求职,https://www.xiaohongshu.com/user/profile/64d49e30000000000101e738?channel_type=web_profile_page&xsec_token=ABYPgztoOKQK5sZA1JvO-UNRiB5RPqiMu245LBSQak6fY%3D&xsec_source=pc_note,02-11,2025/02/11 18:47:47,2025/02/11 18:47:48,2025-04-03T02:22:52.985Z,67ab2ad3000000002900f4f5,https://www.xiaohongshu.com/explore/67ab2ad3000000002900f4f5?xsec_token=ABTpAA9qAvx3p5pnWayVaAhz-RqI2z7g2sUCKcS4rTqus=&xsec_source=pc_user,25留学生春招预备——出海公司list,留学生想要做出海的业务，到底选择哪些方向或者公司呢？ 今天老师从多维视角给大家推荐一些公司。 👇1.平台型公司 ：T*K、L*8、Capcut等等 👇2.品牌类公司：蔚小理、吉利、比亚迪等等 👇3.帮助中国企业出海的公司：电商saas、shopline、店小秘等等 各位留学生们可以考虑出海方向，祝大家可以尽早拿到心仪的offer~,#林木求职|#求职|#求职陪跑|#留学生|#出海|#找工作|#留学生求职|#海外|#海外留学生|#海外业务,137,128,27,video,http://sns-webpic-qc.xhscdn.com/202504031022/e376d111ec93b6645f967cf8489818cb/spectrum/1040g34o31dor1qrtgc0g5p6kjoo0bppo1lm7io8!nd_dft_wlteh_webp_3,https://sns-video-bd.xhscdn.com/spectrum/1040g0jg31doq23pf08005p6kjoo0bppokmd2r78,,"林木校招求职: 校招礼包：offer (02-11, 点赞:赞)|  ↳林木校招求职: ④💌我666令页 (02-11, 点赞:赞)||Undefined👒: offer (2 天前英国, 点赞:赞)|  ↳林木校招求职: ④💌已回 (1 天前北京, 点赞:赞)||Czcz: Offer (03-07上海, 点赞:赞)|  ↳林木校招求职: 招呼🈵了④戳我呀 (03-07北京, 点赞:赞)||Lexiezzz: offer (03-01, 点赞:赞)|  ↳林木校招求职: 招呼🈵了④戳我呀 (03-12北京, 点赞:赞)||YUNXImu: offer (02-28, 点赞:赞)|  ↳林木校招求职: 招呼满了，✉️戳我 (02-28, 点赞:赞)||≮绿蕊★紫蓝≯: offer (02-27, 点赞:赞)|  ↳林木校招求职: ④📭已回 (02-27, 点赞:赞)||Clement: 求 (02-17, 点赞:赞)|  ↳林木校招求职: ④💌我666 (02-17, 点赞:赞)||小虾的虾: offer (02-14, 点赞:赞)|  ↳林木校招求职: ④💌我666 (02-14, 点赞:赞)||酷酷灵丹子: offer 谢谢老师！！ (02-11, 点赞:赞)|  ↳林木校招求职: ④💌我666 (02-14, 点赞:赞)||大蒜味降落伞: offer (02-11, 点赞:赞)|  ↳林木校招求职: ④💌我666 (02-11, 点赞:赞)"
林木校招求职,https://www.xiaohongshu.com/user/profile/64d49e30000000000101e738?channel_type=web_profile_page&xsec_token=ABYPgztoOKQK5sZA1JvO-UNRiB5RPqiMu245LBSQak6fY%3D&xsec_source=pc_note,02-18,2025/02/18 19:02:57,2025/02/18 18:14:14,2025-04-03T02:22:55.650Z,67b45d750000000029010761,https://www.xiaohongshu.com/explore/67b45d750000000029010761?xsec_token=AB6eD53R53JVjpD-fxeE-lcUyOq3Yfyndqg0M9pnuirX4=&xsec_source=pc_user,你不会0offer的，因为春招的痛苦,来自于你对难度的灾难化想象。 怎样以流水线的方式投春招？ 首先大家要准备基础版材料，其中包括：简历+面试逐字稿+秋招投递手册。 其次，需要做到以下五件事： 看匹配岗位，加大自己竞争力 微调简历 标准化网申 准备面试 复盘面试 当你做好材料准备和这套流程以后，相信你一定会收到心仪的offer！,#林木求职|#求职|#求职陪跑|#面试|#简历|#春招|#找工作|#offer|#工作|#职场进阶指南,572,500,89,video,http://sns-webpic-qc.xhscdn.com/202504031022/7f0aa006b7bab030ed8c44551fe1a363/spectrum/1040g34o31e1omnb9127g5p6kjoo0bppos0bs670!nd_dft_wlteh_webp_3,https://sns-video-bd.xhscdn.com/spectrum/1040g35031e1ohvkq12105p6kjoo0bppoepht1a0,,"林木校招求职: offer (02-18, 点赞:1)|  ↳林木校招求职:  (02-18, 点赞:2)||Freeek^: offer (02-28, 点赞:赞)|  ↳林木校招求职: 招呼满了，✉️戳我 (02-28, 点赞:赞)||图图的小耳朵（加油版）: offer (02-20, 点赞:赞)|  ↳林木校招求职: ④💌我666 (02-20, 点赞:1)||Moon: offer (02-19, 点赞:1)|  ↳林木校招求职: ④💌我666 (02-19, 点赞:赞)||凤姨的痒痒挠: Offer (03-10浙江, 点赞:赞)|  ↳林木校招求职: 招呼🈵了④戳我呀 (03-10北京, 点赞:赞)||momo: offer (03-08湖北, 点赞:赞)|  ↳林木校招求职: 招呼🈵了④戳我呀 (03-09北京, 点赞:1)||呆米_demii: offer (03-07四川, 点赞:赞)|  ↳林木校招求职: 招呼🈵了④戳我呀 (03-09北京, 点赞:赞)||Yoru: offer (03-06江西, 点赞:赞)|  ↳林木校招求职: 招呼🈵了④戳我呀 (03-07北京, 点赞:赞)||习得: offer (03-06河北, 点赞:赞)|  ↳林木校招求职: 招呼🈵了④戳我呀 (03-12北京, 点赞:赞)||花开时节: offer (03-02, 点赞:赞)|  ↳林木校招求职: 招呼满了，✉️戳我 (03-02, 点赞:赞)"
林木校招求职,https://www.xiaohongshu.com/user/profile/64d49e30000000000101e738?channel_type=web_profile_page&xsec_token=ABYPgztoOKQK5sZA1JvO-UNRiB5RPqiMu245LBSQak6fY%3D&xsec_source=pc_note,02-12,2025/02/12 19:47:07,2025/02/12 19:47:07,2025-04-03T02:22:58.006Z,67ac8a3b000000001703b5d6,https://www.xiaohongshu.com/explore/67ac8a3b000000001703b5d6?xsec_token=ABUMYv_C-LyslE185h4QgYR_uEdHmMq49AsA0tPpCCWHc=&xsec_source=pc_user,实习0经验，春招可以试试大厂哪些岗位,春招哪些岗位更容易进？ 今天这个视频为大家推荐五种岗位分别： 京东的采销：电商核心岗位 小米、vivo、oppo零售管培生：培养线下店长→区域负责人 面向海外的gtm pdd运营管培+招商运营 字节的ka销售,#林木求职|#求职|#求职陪跑|#职场进阶指南|#春招|#管培|#运营|#gtm|#大厂|#offer,565,407,51,video,http://sns-webpic-qc.xhscdn.com/202504031022/239bc19ed2646da75e0bd09293b430f5/spectrum/1040g34o31dq5sr0gg80g5p6kjoo0bppo1qgchtg!nd_dft_wlteh_webp_3,https://sns-video-bd.xhscdn.com/spectrum/1040g35031dpvuld90c005p6kjoo0bppob4nq8i0,,"林木校招求职: 校招礼包：offer (02-12, 点赞:赞)|  ↳林木校招求职: ④💌我666 (02-12, 点赞:赞)||嚯嚯嚯: offer (03-04江苏, 点赞:1)|  ↳林木校招求职: 招呼🈵了④戳我呀 (03-04北京, 点赞:赞)||小红薯675B4DBD: offer (2 天前广东, 点赞:赞)|  ↳林木校招求职: ④💌你啦 (2 天前北京, 点赞:赞)||小红薯676A7D0A: Offer (03-19四川, 点赞:赞)|  ↳林木校招求职: 回你了 (03-19北京, 点赞:赞)||嘎嘎达呀: Offer (03-13江苏, 点赞:赞)|  ↳林木校招求职: 招呼🈵了④戳我呀 (03-13北京, 点赞:赞)||Ophelia: offer (03-05广东, 点赞:赞)|  ↳林木校招求职: 招呼🈵了④戳我呀 (03-06北京, 点赞:赞)||zZz: Offer (03-05四川, 点赞:赞)|  ↳林木校招求职: 招呼🈵了④戳我呀 (03-05北京, 点赞:赞)||MESSI  10: offer (03-02, 点赞:赞)|  ↳林木校招求职: 招呼满了，✉️戳我 (03-02, 点赞:赞)||苍狗与海鸥: 校招礼包 (03-02, 点赞:赞)|  ↳林木校招求职: 招呼满了，✉️戳我 (03-02, 点赞:赞)||Claire: Offer (03-01, 点赞:赞)|  ↳林木校招求职: 招呼🈵了④戳我呀 (03-12北京, 点赞:赞)"
林木校招求职,https://www.xiaohongshu.com/user/profile/64d49e30000000000101e738?channel_type=web_profile_page&xsec_token=ABYPgztoOKQK5sZA1JvO-UNRiB5RPqiMu245LBSQak6fY%3D&xsec_source=pc_note,02-13,2025/02/13 19:02:33,2025/02/13 17:34:23,2025-04-03T02:23:00.977Z,67adbc9f000000002a00ea37,https://www.xiaohongshu.com/explore/67adbc9f000000002a00ea37?xsec_token=AB7fkxY3vA51cLRd0f1IVWReIJFk5ZBSr6ERc2kMw6Ino=&xsec_source=pc_user,商业化运营究竟是干嘛的,许多求职大厂的同学在运营面试或者产品面试中都会遇到一个问题：怎么理解商业化运营？ 我们今天从工作内容、不同方向、难点和能力模型几个维度全方位地分析一下这个问题： ✈️工作内容：以收入为目标所做的所有运营工作。 ✈️方向：媒体侧、平台侧、某行业垂直运营、KA运营。 ✈️能力模型：产品运营的能力、用户运营的能力、对行业的理解。,#林木求职|#求职|#求职陪跑|#运营|#找工作|#大厂|#职场进阶指南|#求职陪跑|#商业化运营|#offer,207,233,12,images,https://ci.xiaohongshu.com/spectrum/1040g34o31drb646ege0g5p6kjoo0bppola98p98?imageView2/format/png,,"https://ci.xiaohongshu.com/spectrum/1040g34o31drb646ege0g5p6kjoo0bppola98p98?imageView2/format/png, https://ci.xiaohongshu.com/spectrum/1040g0k031drb65rfh6005p6kjoo0bppori6n9io?imageView2/format/png, https://ci.xiaohongshu.com/spectrum/1040g34o31drb67hu080g5p6kjoo0bppob7lk7ko?imageView2/format/png, https://ci.xiaohongshu.com/spectrum/1040g34o31drb690i0c0g5p6kjoo0bppo65v8cpg?imageView2/format/png, https://ci.xiaohongshu.com/spectrum/1040g0k031drb6aing8005p6kjoo0bppokvd1pmo?imageView2/format/png","林木校招求职: 校招礼包：offer (02-13, 点赞:赞)|  ↳林木校招求职: ④💌我666令页 (02-13, 点赞:赞)||绣衣楼霸王(泰迪小狗版): offer (02-17, 点赞:赞)|  ↳林木校招求职: ④💌我666 (02-17, 点赞:赞)||咦xixi: offer (02-13, 点赞:赞)|  ↳林木校招求职: ④💌我666 (02-13, 点赞:赞)||美味佳肴: Offer (02-13, 点赞:赞)|  ↳林木校招求职: ④💌我666 (02-13, 点赞:赞)||Vicky超级爱睡觉: 666 (02-13, 点赞:赞)|  ↳林木校招求职: ④💌我666 (02-13, 点赞:赞)||大蒜味降落伞: offer (02-18, 点赞:赞)"
林木校招求职,https://www.xiaohongshu.com/user/profile/64d49e30000000000101e738?channel_type=web_profile_page&xsec_token=ABYPgztoOKQK5sZA1JvO-UNRiB5RPqiMu245LBSQak6fY%3D&xsec_source=pc_note,02-21,2025/02/21 12:44:47,2025/02/21 12:44:48,2025-04-03T02:23:05.175Z,67b804bf000000000603aef7,https://www.xiaohongshu.com/explore/67b804bf000000000603aef7?xsec_token=ABOtCp5d9biswKaeFaxFisZnMxQBMUSG08mwZ3wILi0qc=&xsec_source=pc_user,金融商科如果从现在就想转AI，我的建议是…,如果你是金融或商科背景，想入局AI，但是0经验、不知道如何准备、如何修改简历、对未来感到迷茫没有目标，带上你的问题+资料，👇点击下方【咨询按钮】👇告诉你你能做哪些岗位，手把手教你如何快速拿offer。 	 很多金融、经管和商科生在转行时都有一个问题 “为什么明明背景优秀，却被大厂拒之门外？” 📌简历堆满商科经历，但AI产品思维为零，投递岗位全成“已读不回” 📌刷遍面经却看不懂算法逻辑，面试官一句“如何做AI选型”当场懵圈 📌想自学补课，又被信息洪流淹没，分不清LLM、Agent哪个才是核心竞争力…… 	 💡为什么推荐金融商科生，把握好时机进入AI领域？如何选择适合自己发展的公司？ 1️⃣随着deepseek的出现，对于想要转型互联网的名校生来说， AI产品经理的优势大于所有岗位，AI产品经理不仅对专业背景的要求相对宽松，为非传统技术背景的同学提供了发展空间。 2️⃣目前是AI行业正处于快速发展的阶段，未来会有大量岗位需求被释放，但是AI和移动互联网最大的差别，会对你过去的经历有要求、有筛选，所以学校不错的同学在校招的竞争中会有加分。 3️⃣但是大部分金融商科生，因为过去all in金融，回头转型AI行业最大的问题，完全不知道自己对于新行业有哪些切入点，也不理解我为什么推荐AI+金融。实际上，AI短期不会给所有行业都带来变化，所以如果要入行AI，一定要选择过去数据有积累、且有研发能力的公司。而金融恰好就是这类领域。 	 建议想要转行进入AI领域的金融商科生，更快入门的方式，不是闭门钻研算法，而是通过参与实际的项目来入行AI产品经理： ✅大厂AI产品经理指导项目实操+系统课程，打好专业基础，快速积累经验，把细节都吃透 ✅ 个性化定制，根据你适合的细分方向，定制“专属”项目，补充专业能力、融合简历不突兀 ✅一对一的面试辅导，教你怎么回答问题，用什么话术，让面试变得像开卷考。 	 🚨 如果你是金融、商科、经管专业想转型AI产品经理却不知道怎么做，带上你的问题+资料，👇点击下方【咨询按钮】👇，我会告诉你拿到结果的好路径。,#林木求职|#求职|#求职陪跑|#商科|#金融|#经管|#AI产品经理|#offer|#转行|#找工作,15,13,1,images,https://ci.xiaohongshu.com/spectrum/1040g34o31e5c5nsb0c005p6kjoo0bppo6te0ko8?imageView2/format/png,,"https://ci.xiaohongshu.com/spectrum/1040g34o31e5c5nsb0c005p6kjoo0bppo6te0ko8?imageView2/format/png, https://ci.xiaohongshu.com/spectrum/1040g34o31e5cccpn0e1g5p6kjoo0bppok5ee4uo?imageView2/format/png, https://ci.xiaohongshu.com/spectrum/1040g0k031e5cd4ot0e005p6kjoo0bppopuof8kg?imageView2/format/png, https://ci.xiaohongshu.com/spectrum/1040g34o31e5cccpn0e105p6kjoo0bppogbuik0g?imageView2/format/png","七夕和团子的一天: 👍 (02-21, 点赞:赞)"
林木校招求职,https://www.xiaohongshu.com/user/profile/64d49e30000000000101e738?channel_type=web_profile_page&xsec_token=ABYPgztoOKQK5sZA1JvO-UNRiB5RPqiMu245LBSQak6fY%3D&xsec_source=pc_note,02-20,2025/02/20 21:13:49,2025/02/20 21:13:49,2025-04-03T02:23:07.473Z,67b72a8d00000000290090c8,https://www.xiaohongshu.com/explore/67b72a8d00000000290090c8?xsec_token=AB1tirLOUJuhAZOXL4oQtRWVcC383LUXEkIUX5X8wy2q4=&xsec_source=pc_user,文科是个巨大的陷阱，国央企哪些岗位是出口,文科专业进央国企怎么选岗位？ 首先，我们要了解文科生的自身优势： 文字功底强 沟通协调能力强 政策敏感度高 👉因此，有非常多的岗位方向值得选择： 党建宣传 行政管理 人力资源 法务合规 市场品牌 老师今天为文科生推荐一些央国企公司及核心岗位，可以看看有没有适合你的👇 国家电网、南方电网：党建宣传、综合管理。 中国烟草：人力资源。 华润：市场策划、客户关系。 招商局：品牌公关、投资者关系。,#林木求职|#求职|#求职陪跑|#选岗|#文科生|#找工作|#offer|#央国企|#文科专业|#职场进阶指南,79,68,10,video,http://sns-webpic-qc.xhscdn.com/202504031022/c7fa2e5529aa3a2f31bb8e2d2049290a/spectrum/1040g34o31e4g12hqgc0g5p6kjoo0bppohpqiec8!nc_n_webp_mw_1,https://sns-video-bd.xhscdn.com/spectrum/1040g35831e4bkvpq120g5p6kjoo0bppoejfd7ho,,"林木校招求职: offer (02-20, 点赞:赞)|  ↳林木校招求职:  (02-20, 点赞:赞)||美味佳肴: Offer (02-20, 点赞:1)|  ↳林木校招求职: ④💌我666 (02-20, 点赞:赞)||大眼最爱吃豆浆: 根本进不去 (02-20, 点赞:1)|  ↳林木校招求职: ④💌我666 (02-20, 点赞:赞)||抹茶冰激凌没有了: offer (03-16新疆, 点赞:赞)|  ↳林木校招求职: 招呼满了，✉️戳我 (03-16北京, 点赞:赞)||钦钦qin: Offer (03-10江苏, 点赞:赞)|  ↳林木校招求职: 招呼🈵了④戳我呀 (03-12北京, 点赞:赞)"
林木校招求职,https://www.xiaohongshu.com/user/profile/64d49e30000000000101e738?channel_type=web_profile_page&xsec_token=ABYPgztoOKQK5sZA1JvO-UNRiB5RPqiMu245LBSQak6fY%3D&xsec_source=pc_note,02-21,2025/02/21 19:02:07,2025/02/21 17:44:18,2025-04-03T02:23:10.554Z,67b84af2000000002901806e,https://www.xiaohongshu.com/explore/67b84af2000000002901806e?xsec_token=ABOtCp5d9biswKaeFaxFisZj-9_zP8M7Zer896dDxBfkM=&xsec_source=pc_user,如果你也觉得，最近的春招没什么可投的……,秋招没有offer的人春招怎么办？ 👉如果你秋招没有收到offer千万不要慌，因为春招会有更好的offer。 首先，你不会沾沾自喜，也不会因为某些原因就放弃新的面试机会。 其次，你比刚刚考研失败的人有经验，知道自身问题，了解招聘流程，清楚面试考察重点。 所以，一定把握住春招机会，拿到心仪的offer!,#林木求职|#求职|#求职陪跑|#面试|#招聘|#春招|#职场进阶指南|#offer|#找工作|#春招火热进行中,44,19,6,video,http://sns-webpic-qc.xhscdn.com/202504031023/8943da16807c361a2f1370d8b0102897/spectrum/1040g34o31e5lalubgceg5p6kjoo0bppot5dim1o!nd_dft_wlteh_webp_3,https://sns-video-bd.xhscdn.com/spectrum/1040g0jg31e5k09vnge705p6kjoo0bppof7e0ft8,,"林木校招求职: offer (02-21, 点赞:赞)|  ↳林木校招求职:  (02-21, 点赞:赞)||千禧嘉庆子: offer (02-23, 点赞:赞)|  ↳林木校招求职: ④💌我666 (02-23, 点赞:赞)||美味佳肴: offer (02-21, 点赞:赞)|  ↳林木校招求职: ④💌我666 (02-21, 点赞:赞)"
林木校招求职,https://www.xiaohongshu.com/user/profile/64d49e30000000000101e738?channel_type=web_profile_page&xsec_token=ABYPgztoOKQK5sZA1JvO-UNRiB5RPqiMu245LBSQak6fY%3D&xsec_source=pc_note,02-19,2025/02/19 19:15:24,2025/02/19 19:15:25,2025-04-03T02:23:13.273Z,67b5bd4c000000000e0076b8,https://www.xiaohongshu.com/explore/67b5bd4c000000000e0076b8?xsec_token=ABno7wY-UrThTipcDs3y8RfeRnmKSoPvfmi8pKjBwauWs=&xsec_source=pc_user,面试官是如何识别校招生靠不靠谱的,挖细节其实是非常正常的面试方法。 👉最常见的一种面试方法：行为面试法，即通过不断追问过去的经历和实际做法，来判断未来遇到类似的问题会做出什么行为。 细节判断真实性。以此来看出你在项目里承担的角色。 细节可以判断是否你认真。 👉细节问题分为两类: 信息类。会被问到：过往经历的工作内容、项目细节。 逻辑类。会被问到：目标是什么，逻辑是什么，在此后会有一连串的问题。这些问题的解决方法就是项目复盘，将问题提前复盘整理出来。,#林木求职|#求职|#求职陪跑|#面试问题|#面试|#工作|#offer|#职场进阶指南|#面试问题|#找工作,212,203,16,video,http://sns-webpic-qc.xhscdn.com/202504031022/4023b941e1f1ccbfa8adffea88ca076d/spectrum/1040g34o31e35d1qpg80g5p6kjoo0bppo1vvvkpg!nc_n_webp_mw_1,https://sns-video-bd.xhscdn.com/spectrum/1040g0jg31e33odvmh6005p6kjoo0bppopk9ph4o,,"林木校招求职: 如果大家也想转行做产品/运营/数分/商分/市场这类非技术岗的同学，或者在求职中遇到问题，想要有人诊断和评估，可以带上简历找我，可以帮你看看职业规划和简历问题 (02-19, 点赞:赞)|  ↳林木校招求职: 💌或者排队蹲就好了 (02-19, 点赞:赞)||momo: 蹲蹲 (02-20, 点赞:赞)|  ↳林木校招求职: ④💌我666 (02-20, 点赞:赞)||咦xixi: 求帮看老师 (02-19, 点赞:赞)|  ↳林木校招求职: ④💌我666 (02-20, 点赞:赞)||少岚: 排队蹲蹲 (02-19, 点赞:赞)|  ↳林木校招求职: ④💌我666 (02-20, 点赞:赞)||撒娇: 蹲 (02-19, 点赞:赞)|  ↳林木校招求职: ④💌我666 (02-19, 点赞:赞)||美味佳肴: 评论区t了，期待回复 (02-19, 点赞:赞)|  ↳林木校招求职: ④💌我666 (02-19, 点赞:赞)||绣衣楼霸王(泰迪小狗版): 蹲蹲 (02-19, 点赞:赞)|  ↳林木校招求职: ④💌我666 (02-19, 点赞:赞)||喵小姐🐈: 说穿了，就是相互没有信任度 (02-20, 点赞:5)||Passion(激情): 我也是服了，把我全部信息问了一遍，就差生辰八字了 (02-24, 点赞:赞)"
林木校招求职,https://www.xiaohongshu.com/user/profile/64d49e30000000000101e738?channel_type=web_profile_page&xsec_token=ABYPgztoOKQK5sZA1JvO-UNRiB5RPqiMu245LBSQak6fY%3D&xsec_source=pc_note,02-24,2025/02/24 19:01:06,2025/02/21 18:56:38,2025-04-03T02:23:15.778Z,67b85be5000000000900e6ee,https://www.xiaohongshu.com/explore/67b85be5000000000900e6ee?xsec_token=ABOtCp5d9biswKaeFaxFisZmMoVHdpYv6SQcATENot7rc=&xsec_source=pc_user,千万不要乱投简历了！互联网、国央企不互通,国央企和互联网的简历有什么区别？ 简历的差别实际上是求职策略的差别 互联网：着重是实习经历，通过实习经历看专业能力和匹配度。 国央企：实习经历是优先，更看综合能力。 细节差别：实习的写法不同 互联网：背景，核心策略，结果，看重专业度。 国央企：实习经历写法更宽泛。,#林木求职|#求职|#求职陪跑|#简历|#央国企|#大厂|#找工作|#职场进阶指南|#offer|#写简历,90,67,30,video,http://sns-webpic-qc.xhscdn.com/202504031022/d12d7fd307fb1997f7e81c384ff31f3c/spectrum/1040g0k031e5n3hcb0c005p6kjoo0bppor2laf18!nc_n_webp_mw_1,https://sns-video-bd.xhscdn.com/spectrum/1040g35831e5n1b7l0e805p6kjoo0bppomb67m30,,"林木校招求职: 校招礼包:offer (02-27, 点赞:1)|  ↳林木校招求职: ④我666令页 (02-27, 点赞:赞)||神经蛙: offer (02-25, 点赞:赞)|  ↳林木校招求职: 招呼满了，✉️戳我 (03-04北京, 点赞:赞)||martini的错误制作方法: offer (4 天前丹麦, 点赞:赞)|  ↳林木校招求职: ④💌已回 (3 天前北京, 点赞:赞)||不是我: 求 (03-21河南, 点赞:赞)|  ↳林木校招求职: ④💌已回 (03-21北京, 点赞:赞)||不是我: offer (03-21河南, 点赞:赞)|  ↳林木校招求职: ④💌已回 (03-21北京, 点赞:赞)||Jenniex.: offer (02-27, 点赞:赞)|  ↳林木校招求职: ④📭已回 (02-28, 点赞:赞)||一身硬骨鱼: offer (02-26, 点赞:赞)|  ↳林木校招求职: ④📭已回 (02-26, 点赞:赞)||dddd: Offer (02-25, 点赞:赞)|  ↳林木校招求职: 回你了 (02-25, 点赞:1)||milo: offer (02-25, 点赞:赞)|  ↳林木校招求职: 招呼满了，✉️戳我 (02-25, 点赞:赞)||墨墨: offer (02-25, 点赞:赞)|  ↳林木校招求职: 回你了 (02-25, 点赞:赞)"
林木校招求职,https://www.xiaohongshu.com/user/profile/64d49e30000000000101e738?channel_type=web_profile_page&xsec_token=ABYPgztoOKQK5sZA1JvO-UNRiB5RPqiMu245LBSQak6fY%3D&xsec_source=pc_note,02-27,2025/02/27 19:57:47,2025/02/27 19:57:48,2025-04-03T02:23:20.243Z,67c0533b00000000290263af,https://www.xiaohongshu.com/explore/67c0533b00000000290263af?xsec_token=ABq3aZxr9vAMRImb1WbOw4fQC-bamZN9sA-ldThmekAAE=&xsec_source=pc_user,真心不建议校招生，随便入行做产品经理,转行产品经理没思路？ 社交产品、工具产品、用户产品、策略产品、AI产品、电商产品 产品经理类型眼花缭乱 不知道转什么？不知道转哪里？ 一篇视频教你把握转行产品经理！,#林木求职|#求职陪跑|#找工作|#产品经理|#ai产品经理|#校招|#求职|#用户产品经理|#策略产品经理|#电商产品经理,174,147,16,video,http://sns-webpic-qc.xhscdn.com/202504031023/67d9d0d3538501fbac9f3ad8faa82a97/spectrum/1040g34o31edg0d12h60g5p6kjoo0bppo9p7pk5o!nd_dft_wlteh_webp_3,https://sns-video-bd.xhscdn.com/spectrum/1040g0jg31edfvq2c16005p6kjoo0bppoi41061o,,"林木校招求职: 校招礼包:offer (02-27, 点赞:1)|  ↳林木校招求职: ④我666令页 (02-27, 点赞:赞)||黑土豆: 制造业硬件产品经理是一个好方向吗 (03-19浙江, 点赞:赞)|  ↳林木校招求职: 可以④✉️咨询 (5 天前北京, 点赞:赞)||鱼缸: 请教一下做制造业数字化的产品经理对应的产品方向和岗位名称是什么呢 (02-27, 点赞:2)|  ↳林木校招求职: 建议直接找一下制造业企业，看看有没有产品hc (03-04北京, 点赞:1)||主持 朋逸🎤: offer (02-27, 点赞:赞)|  ↳林木校招求职: ④✉️已回 (02-28, 点赞:赞)||娜比: G端是什么意思 (03-06广东, 点赞:赞)|  ↳omw: zf (03-13广东, 点赞:赞)||Nathan: 但是传统行业做产品经理很憋屈，而且裁员频率比互联网还高 (02-27, 点赞:3)||永恒: 财务产品经理都要求有经验啊？ (02-28, 点赞:赞)||风景线: 好像没有提AI，是和商业化一样吗 (02-27, 点赞:1)"
林木校招求职,https://www.xiaohongshu.com/user/profile/64d49e30000000000101e738?channel_type=web_profile_page&xsec_token=ABYPgztoOKQK5sZA1JvO-UNRiB5RPqiMu245LBSQak6fY%3D&xsec_source=pc_note,02-25,2025/02/25 19:01:36,2025/02/25 13:38:20,2025-04-03T02:23:22.952Z,67bd574c000000002802b0fe,https://www.xiaohongshu.com/explore/67bd574c000000002802b0fe?xsec_token=ABC7Hqba619vNPVF0jdyqAdF66AiEjTmPbBZWeItsRkus=&xsec_source=pc_user,澳洲留学生，一次弄清楚校招时间规划,澳洲留学生应该什么时候参加校招？最多能参加几次校招？ 一篇视频帮你梳理清楚！,#留学生|#澳洲留学生|#求职|#校招|#林木求职|#求职陪跑|#留学澳洲|#找工作|#春招|#秋招,61,100,11,video,http://sns-webpic-qc.xhscdn.com/202504031023/2f56efc2897e5df565c939353c022dea/spectrum/1040g34o31eain580g80g5p6kjoo0bppo1qfucpg!nd_dft_wlteh_webp_3,https://sns-video-bd.xhscdn.com/spectrum/1040g35831eaiktugg80g5p6kjoo0bppofoabq18,,"林木校招求职: 校招礼包:offer (02-27, 点赞:赞)|  ↳林木校招求职: ④我666令页 (02-27, 点赞:赞)||一只小南: offer (02-25, 点赞:赞)|  ↳林木校招求职: 回你了 (02-25, 点赞:赞)||面包: 没听明白，毕业证可以跟学校申请2次吗？8月申请了，10月份还能再申请10月毕业？毕业证上的日期不是固定的吗？ (03-06山东, 点赞:赞)|  ↳爱吃巧克力的猫: 同问 (03-09澳大利亚, 点赞:赞)"
林木校招求职,https://www.xiaohongshu.com/user/profile/64d49e30000000000101e738?channel_type=web_profile_page&xsec_token=ABYPgztoOKQK5sZA1JvO-UNRiB5RPqiMu245LBSQak6fY%3D&xsec_source=pc_note,02-28,2025/02/28 19:28:04,2025/02/28 19:28:05,2025-04-03T02:23:27.308Z,67c19dc40000000029018fb7,https://www.xiaohongshu.com/explore/67c19dc40000000029018fb7?xsec_token=ABG1STnffAiJ3eGa7CbeRhu5IwokWzvTaFVtIFP8mCv0U=&xsec_source=pc_user,暑期实习进字节，就别太妄想转正了,⭐校招生们请牢牢把握住暑期实习！ 暑期实习投哪些公司？关注以下两点！ 1️⃣公司实力强：即使没有转正也是超棒的背书~ 2️⃣公司转正率高：助你早日拿下心仪offer！,#林木求职|#找工作|#暑期实习|#校招|#求职|#互联网大厂|#用户运营|#产品运营|#春招offer马上来|#为春招人撑伞,121,78,25,video,http://sns-webpic-qc.xhscdn.com/202504031023/50aefefe6e53654d561454667f717b90/spectrum/1040g0k031eeon2nt0e005p6kjoo0bppoc92chqg!nd_dft_wlteh_webp_3,https://sns-video-bd.xhscdn.com/spectrum/1040g2f031een518908005p6kjoo0bppoddnpp0o,,"林木校招求职: 校招礼包:offer (02-28, 点赞:赞)|  ↳林木校招求职: ④我666令页 (02-28, 点赞:赞)||momo: 今年暑期字节4000+offer 腾讯7000+ 字节招的哪里多了而且转正你也说了要看业务hc 不应该根据具体岗位具体分析吗 字节我了解的一个策略产品的去年所有实习生都转正了 腾讯有7个实习生只要1个的 不能这么一概而论说不要去字节吧... (02-28, 点赞:8)|  ↳林木校招求职: 同学，我理解你的意思。|1.其实4000个offer在暑期实习里真的不算少，如果对比所有招暑期实习公司的大盘。|2.转正率这事，咱第一句话就说的是核心看业务，字节跟其他同等级大厂相比，整体转正率我了解下来是比较偏低。|3.选实习最重要的还是看业务是不是自己真想做的、对简历是不是真的有加成，这方面其实我并没有否定字节的背书 (02-28, 点赞:5)||一只小南: offer (02-28, 点赞:1)|  ↳林木校招求职: ④📭已回 (02-28, 点赞:赞)||momo: offer (03-05上海, 点赞:赞)|  ↳林木校招求职: 招呼满了，✉️戳我 (03-05北京, 点赞:赞)||减重ing喷火龙: offer (03-03, 点赞:赞)|  ↳林木校招求职: 招呼满了，✉️戳我 (03-04北京, 点赞:赞)||砂糖橘（学习版）: offer (03-02, 点赞:赞)|  ↳林木校招求职: 招呼满了，✉️戳我 (03-02, 点赞:赞)||再跷二郎腿我不姓徐: offer (03-01, 点赞:赞)|  ↳林木校招求职: 招呼满了，✉️戳我 (03-04北京, 点赞:赞)||绣衣楼霸王(泰迪小狗版): offer (02-28, 点赞:赞)|  ↳林木校招求职: 招呼满了，✉️戳我 (03-04北京, 点赞:赞)||猫猫柠柠: 百度还算大厂吗，背书怎么样 (03-23湖南, 点赞:赞)||零基础精通Excel: 不妄想转正，先进去再说 (03-04, 点赞:赞)"
林木校招求职,https://www.xiaohongshu.com/user/profile/64d49e30000000000101e738?channel_type=web_profile_page&xsec_token=ABYPgztoOKQK5sZA1JvO-UNRiB5RPqiMu245LBSQak6fY%3D&xsec_source=pc_note,编辑于 03-07 北京,2025/02/25 14:00:56,2025/03/07 11:28:38,2025-04-03T02:23:30.415Z,67bd5c98000000002903e644,https://www.xiaohongshu.com/explore/67bd5c98000000002903e644?xsec_token=ABC7Hqba619vNPVF0jdyqAdF_D24UjYtzfsgEe57fwiks=&xsec_source=pc_user,早看到的人，也能早早拿下正式offer,如果你准备暑期进大厂实习，想做产品经理、运营、数据分析、商业分析，但不知道如何准备、对求职方向迷茫，带上你的问题+资料，👇点击下方【咨询按钮】👇，帮你规划适合你的好方向。 😮‍💨这两年无论是考研、考公、找工作，拿心仪的offer，越来越难了。 所以除了秋招、春招以外，26届的毕业生【也就是大三、研一（2年硕）、研二（3年硕）】有必要多给自己一次拿到offer的机会❗️ ✅这次机会就是3月即将逐步开启的暑期实习，各家大厂会批量放出有转正机会的岗位。 这两年的趋势是，大厂的热门岗位（特别是产、运这类发展空间较大的非技术岗），很少再招0实习、0项目经验的候选人，希望来了就能上手干活，而且项目经历跟岗位要求越匹配越好。 💡所以，项目经历的匹配很多时候成为背景一般同学反超名校同学拿到offer的关键。 如果你是海外留学生，或者本身实习经历薄弱的同学，如果有一段匹配的项目经历，无论是帮你找暑期大厂实习、求职秋招，能大大提高优势。 ✅因为有项目经历，就有敲门砖。 面试官可以在筛选简历的时候除了学历背景等基础信息之外，就在看你的经历与岗位的匹配程度，挖掘你是否有潜质或能力可以胜任岗位工作。而项目经历就是这样的证据，可以证明你与岗位更加匹配。 👉如果你也是0实习、0基础或者未来想考虑互联网、新能源、AI的产品、运营等方向。但是第一份实习找不到、想确定好方向、去往进大厂的快车道。 都可以带上你的背景信息点击下方【咨询按钮】，我会告诉你好发展，好拿offer的方向和路径。,#校招|#暑期实习|#春招|#找实习|#互联网大厂实习|#大三|#转正实习|#研一|#研二|#找工作,219,122,9,images,https://ci.xiaohongshu.com/spectrum/1040g34o31eajkinb0c0g5p6kjoo0bppogmitu5g?imageView2/format/png,,"https://ci.xiaohongshu.com/spectrum/1040g34o31eajkinb0c0g5p6kjoo0bppogmitu5g?imageView2/format/png, https://ci.xiaohongshu.com/spectrum/1040g0k031enbcpl15q105p6kjoo0bppo1aj6r68?imageView2/format/png, https://ci.xiaohongshu.com/spectrum/1040g0k031enbcpl15q0g5p6kjoo0bppo0b1eq2g?imageView2/format/png, https://ci.xiaohongshu.com/spectrum/1040g0k031enbcpl15q005p6kjoo0bppo4qa12lo?imageView2/format/png","不会酿酒的小圆子: 求拉 (3 天前四川, 点赞:赞)|  ↳林木校招求职: ④💌已回 (3 天前北京, 点赞:赞)||像风: 还能进群吗 (02-28, 点赞:赞)|  ↳林木校招求职: 招呼满了，✉️戳我 (02-28, 点赞:赞)||emmmmm: 能拉一下么 (03-05广东, 点赞:赞)|  ↳林木校招求职: 招呼🈵了④戳我呀 (03-05北京, 点赞:赞)||羡予: 蹲 (03-18海南, 点赞:赞)||abcd: 还能进群吗 (03-01, 点赞:赞)||村凡: 25届已经out了吗，学校才放人 (03-04, 点赞:赞)"
林木校招求职,https://www.xiaohongshu.com/user/profile/64d49e30000000000101e738?channel_type=web_profile_page&xsec_token=ABYPgztoOKQK5sZA1JvO-UNRiB5RPqiMu245LBSQak6fY%3D&xsec_source=pc_note,02-26,2025/02/26 18:30:48,2025/02/26 17:35:34,2025-04-03T02:23:34.140Z,67bee0650000000029016247,https://www.xiaohongshu.com/explore/67bee0650000000029016247?xsec_token=ABWTDNOpGRqVQ_kCV6GOdc-lXqkWIWsCvWCkvttyVaZG8=&xsec_source=pc_user,暑期实习准备时间线｜你现在能做的2件事,很多核心大厂都有暑期实习机会，这是进名企的绝佳敲门砖！ 不知道投什么？不知道什么时候投？ 不管是大三大四还是研一研二都有机会！ 一篇视频教你牢牢把握金三银四暑期实习~,#林木求职|#实习|#找工作|#暑期实习|#互联网大厂|#求职|#面试|#大三|#大四|#研一,2192,1765,544,video,http://sns-webpic-qc.xhscdn.com/202504031023/e8f121c70351ef0084da9da6bc651c0d/spectrum/1040g34o31ec2bnjsh2005p6kjoo0bppos4u1nd8!nd_dft_wlteh_webp_3,https://sns-video-bd.xhscdn.com/spectrum/1040g35831ec2bgpjh2105p6kjoo0bppo3usrcag,,"林木校招求职: 校招礼包:offer (02-27, 点赞:1)|  ↳林木校招求职: ④我666令页 (02-27, 点赞:赞)||YU.: offer (03-14山东, 点赞:赞)|  ↳林木校招求职: ④📭已回 (03-14北京, 点赞:赞)||小橘子: offer (03-19北京, 点赞:1)|  ↳林木校招求职: 回你了 (03-19北京, 点赞:赞)||不知名人士: offer (03-17福建, 点赞:1)|  ↳林木校招求职: ④💌已回 (03-18北京, 点赞:赞)||🦄🧚🦄: offer (1 天前陕西, 点赞:赞)|  ↳林木校招求职: ④💌已回 (1 天前北京, 点赞:赞)||Ｓｕｏｌｏｎｇ: offer (1 天前新疆, 点赞:赞)|  ↳林木校招求职: ④💌已回 (1 天前北京, 点赞:赞)||Deepsea.: offer (1 天前浙江, 点赞:赞)|  ↳林木校招求职: ④💌已回 (1 天前北京, 点赞:赞)||安然: offer (3 天前上海, 点赞:赞)|  ↳林木校招求职: ④💌已回 (3 天前北京, 点赞:赞)||十年:  (4 天前湖南, 点赞:赞)|  ↳林木校招求职: ④💌已回 (3 天前北京, 点赞:赞)||111Yin: offer (5 天前贵州, 点赞:赞)|  ↳林木校招求职: ④💌已回 (5 天前北京, 点赞:赞)"
林木校招求职,https://www.xiaohongshu.com/user/profile/64d49e30000000000101e738?channel_type=web_profile_page&xsec_token=ABYPgztoOKQK5sZA1JvO-UNRiB5RPqiMu245LBSQak6fY%3D&xsec_source=pc_note,03-05 北京,2025/03/05 18:59:02,2025/03/05 17:58:31,2025-04-03T02:23:38.375Z,67c82046000000001201fa2e,https://www.xiaohongshu.com/explore/67c82046000000001201fa2e?xsec_token=ABWd7KHqE2OOTX0tuiZA-I4hg9J36d6tXxV7xSgt9cjBU=&xsec_source=pc_user,找不到工作，本质是你太焦虑了,很多同学找工作时经常会陷入迷茫内耗的状态，不知道怎么缓解 其实我很能理解大家的心情 当我们正在做的一件总是得不到正反馈的事时，迷茫和焦虑是必然的 缓解这种焦虑感首先要从设定计划开始，踏踏实实地感觉掌控住自己,#林木求职|#找工作|#校招|#求职|#互联网大厂|#春招|#春招坦白局|#春招offer马上来|#为春招人撑伞,207,163,19,video,http://sns-webpic-qc.xhscdn.com/202504031023/3b1d4d699fb2edde5f7a44aa5a8307fa/spectrum/1040g34o31el44i1rl20g5p6kjoo0bppouc34b4g!nd_dft_wlteh_webp_3,https://sns-video-bd.xhscdn.com/spectrum/1040g35031el3ogos4q0g5p6kjoo0bppocdcr300,,"林木校招求职: 校招礼包:offer (03-05北京, 点赞:赞)|  ↳林木校招求职: ④我666令页 (03-05北京, 点赞:赞)||晒太阳的水松: offer (03-11北京, 点赞:赞)|  ↳林木校招求职: 招呼🈵了④戳我呀 (03-11北京, 点赞:赞)||我坏: Offer (03-12北京, 点赞:赞)|  ↳林木校招求职: 招呼满了，✉️戳我 (03-12北京, 点赞:赞)||coacoa: 笑死，可是现在基本都是默拒吧，有时候都不知道到底是被拒了还是没筛到，有些公司人都招满了岗位还挂在那 (03-13广东, 点赞:1)||我是韦同学: offer (03-05北京, 点赞:赞)|  ↳林木校招求职: 招呼🈵了④戳我呀 (03-05北京, 点赞:赞)||卡西莫多: Offer (03-13浙江, 点赞:赞)|  ↳林木校招求职: ④💌已回 (03-18北京, 点赞:赞)||慕溪~: offer (03-10辽宁, 点赞:赞)|  ↳林木校招求职: 招呼🈵了④戳我呀 (03-10北京, 点赞:赞)||是水晶吖: Offer (03-06广东, 点赞:1)|  ↳林木校招求职: 招呼满了，✉️戳我 (03-06北京, 点赞:赞)||小红薯61957103: offer (03-05北京, 点赞:赞)|  ↳林木校招求职: 招呼🈵了④戳我呀 (03-06北京, 点赞:赞)"
林木校招求职,https://www.xiaohongshu.com/user/profile/64d49e30000000000101e738?channel_type=web_profile_page&xsec_token=ABYPgztoOKQK5sZA1JvO-UNRiB5RPqiMu245LBSQak6fY%3D&xsec_source=pc_note,03-03,2025/03/03 19:25:10,2025/03/03 19:25:11,2025-04-03T02:23:41.001Z,67c59196000000000302bfa8,https://www.xiaohongshu.com/explore/67c59196000000000302bfa8?xsec_token=ABl0oyaKuq8_h8vRoPkHqjE9J9r9UEfa58IZWVq2Kd9ik=&xsec_source=pc_user,第二周春招公司上新点评！地狱吐槽第三弹,这些网络热门的春招公司你都了解么？ 公司锐评来袭，今天是👇 1️⃣京东2️⃣货拉拉3️⃣蔚来,#林木求职|#找工作|#求职陪跑|#校招|#求职|#互联网大厂|#校招|#春招|#春招坦白局|#为春招人撑伞,1060,703,52,video,http://sns-webpic-qc.xhscdn.com/202504031023/1e88f5e95594eec2deeb7060b4c67b08/spectrum/1040g34o31eik8gan0e0g5p6kjoo0bppok8a4k28!nd_dft_wlteh_webp_3,https://sns-video-bd.xhscdn.com/spectrum/1040g35831eijtfg60c105p6kjoo0bppols9e92g,,"林木校招求职: 校招礼包:offer (03-03, 点赞:6)|  ↳林木校招求职: ④我666令页 (03-03, 点赞:赞)||长安: 666 (03-04山西, 点赞:赞)|  ↳林木校招求职: 招呼满了，✉️戳我 (03-04北京, 点赞:赞)||上班烦不上班也烦: 666 (03-04北京, 点赞:赞)|  ↳林木校招求职: 招呼满了，✉️戳我 (03-04北京, 点赞:赞)||Momo: offer (03-04马来西亚, 点赞:赞)|  ↳林木校招求职: 招呼满了，✉️戳我 (03-04北京, 点赞:赞)||jzhdxhsh: 666 (03-04四川, 点赞:赞)|  ↳林木校招求职: 招呼🈵了④戳我呀 (03-04北京, 点赞:赞)||Qing: 666 (03-07北京, 点赞:赞)|  ↳林木校招求职: 招呼🈵了④戳我呀 (03-09北京, 点赞:赞)||Detachment: Offer (03-07四川, 点赞:赞)|  ↳林木校招求职: 招呼🈵了④戳我呀 (03-07北京, 点赞:1)||睡不醒: 666 (03-06宁夏, 点赞:赞)|  ↳林木校招求职: 招呼满了，✉️戳我 (03-06北京, 点赞:赞)||奋斗的蛋🥚: offer (03-04重庆, 点赞:赞)|  ↳林木校招求职: 招呼满了，✉️戳我 (03-04北京, 点赞:赞)||璃宣: offer (03-04广东, 点赞:赞)|  ↳林木校招求职: 招呼满了，✉️戳我 (03-04北京, 点赞:赞)"
林木校招求职,https://www.xiaohongshu.com/user/profile/64d49e30000000000101e738?channel_type=web_profile_page&xsec_token=ABYPgztoOKQK5sZA1JvO-UNRiB5RPqiMu245LBSQak6fY%3D&xsec_source=pc_note,03-07 北京,2025/03/07 11:35:02,2025/03/07 11:35:03,2025-04-03T02:23:44.350Z,67ca6966000000001201c2d7,https://www.xiaohongshu.com/explore/67ca6966000000001201c2d7?xsec_token=ABmhEs1pArvw3fmPMBMa4YlZp5knEoyIJ7HA_7XPb0euw=&xsec_source=pc_user,留学生进大厂，最大的坑就是只会不停地学习,如果你留学毕业参加校招想进大厂但是不知道怎么准备，没有经验，又想要快点拿offer，快带上你的资料加问题，👇点击下方【咨询按钮】👇，我会告诉你快速拿到offer的好方法！ 	 最近在后台收到很多同学提问，在留学生校招进大厂的过程中，特别是在产品经理、运营、数据分析和商业分析等岗位，自认为准备的不错，但经常不知道原因就被“无情”刷掉了，那么有哪些常见的“坑”需要特别注意呢？ 👉1.如果背景不是非常好，一定慎重选赛道 背景不算特别好的同学不要选最好的赛道，比如海外电商，这一定是大量优秀的同学往里挤的赛道。其次，不要选竞争最激烈的岗位，产品商业化等，第三，不选超头部的公司，比如腾讯阿里这些，去竞争那些难度稍微低的大厂，比如百度多多快手 	 👉2.不提前规划和准备的节奏 现在基本上要拿头部大厂的核心岗位offer，基本上就需要2~3段大厂的实习，每段实习最少三个月的时间，所以基本上校招的准备是在校招开始前一年半的时间，如果太晚开始准备时间不够实习经历太少可能会在简历阶段就被pass掉。 	 👉3.不了解岗位要求 现在很多同学由于缺乏经验，对实际岗位的具体要求了解不足，导致在求职过程中难以匹配岗位需求。比如产品经理就需要具备产品规划、数据分析和跨部门协作能力，运营需要有注重用户增长、数据监控和活动策划能力等，在实际面试之前应该详细了解目标岗位的职责和要求。- 	 👉4.缺乏自我推销能力 留学生在求职过程中可能过于谦虚或缺乏自信，无法有效展示自己的优势和成就。实际我们应该在简历和面试中突出自己的亮点和成就，如果没有相关亮点，可以“嫁接”别的成就，将其他领域的成功经验巧妙地转化为相关优势，使用具体的数据和案例来支持自己的陈述。 	 如果你想快点拿offer但是怕遇到相似的问题或者不知道怎么做才更好， ✅产品经理/运营/数据分析/商业分析等大厂导师亲自指导1V1项目实操＋系统课程，拒绝学历“花架子”，快速积累真正工作所需的技能与知识。 ✅ 1V1个性化定制，根据所学专业定制专属细分项目，让你不再迷茫 ✅一对一面试辅导，模拟面试，修改简历，面试游刃有余稳拿offer 	 如果你留学毕业想进互联网大厂不知道怎么学怎么开始才能快速拿offer ，快带上你的问题＋背景，👇点击下方【咨询按钮】👇，轻松拿offer,#校招|#留学生求职|#产品运营|#用户运营|#互联网大厂|#找工作|#林木求职|#求职陪跑|#春招|#为春招人撑伞,12,12,0,images,https://ci.xiaohongshu.com/spectrum/1040g34o31enb1uvh5u0g5p6kjoo0bpporv3nsq8?imageView2/format/png,,"https://ci.xiaohongshu.com/spectrum/1040g34o31enb1uvh5u0g5p6kjoo0bpporv3nsq8?imageView2/format/png, https://ci.xiaohongshu.com/spectrum/1040g34o31enbdv465o2g5p6kjoo0bppouda9evg?imageView2/format/png, https://ci.xiaohongshu.com/spectrum/1040g34o31enbdv465o205p6kjoo0bpporh45948?imageView2/format/png, https://ci.xiaohongshu.com/spectrum/1040g34o31enbdv465o1g5p6kjoo0bppo3if4cbo?imageView2/format/png",
林木校招求职,https://www.xiaohongshu.com/user/profile/64d49e30000000000101e738?channel_type=web_profile_page&xsec_token=ABYPgztoOKQK5sZA1JvO-UNRiB5RPqiMu245LBSQak6fY%3D&xsec_source=pc_note,03-03,2025/03/03 17:24:15,2025/03/03 17:24:15,2025-04-03T02:23:48.396Z,67c5753f000000000602b3f1,https://www.xiaohongshu.com/explore/67c5753f000000000602b3f1?xsec_token=ABl0oyaKuq8_h8vRoPkHqjE3-qqMkd-vcXZktsQrwEXS4=&xsec_source=pc_user,校招投哪些公司，可以一步到位年薪百万,⭐今天来讲讲校招怎样才能拿高年薪offer ⭕10-20w看学校+选对城市 ⭕20-30w靠一般的实习经历和校园经历 ⭕30-40w靠岗位选择+匹配的实习经历还有好的求职准备 ⭕40w+不仅看岗位选择还靠学校、专业、论文、实习 祝大家都能拿到心仪的offer~,#林木求职|#找工作|#校招|#实习|#面试|#求职|#互朕网大厂|#春招|#春招坦白局|#春招offer马上来,10,3,5,video,http://sns-webpic-qc.xhscdn.com/202504031023/682c4a4ca7298df58ef7cae801c5cb4d/spectrum/1040g34o31eigof640e0g5p6kjoo0bppo1m39gro!nd_dft_wlteh_webp_3,https://sns-video-bd.xhscdn.com/spectrum/1040g35831eiglfd4ge005p6kjoo0bppooja53ko,,"林木校招求职: 校招礼包:offer (03-03, 点赞:赞)|  ↳林木校招求职: ④我666令页 (03-03, 点赞:赞)||一只小南: offer (03-03, 点赞:赞)|  ↳林木校招求职: ④📭已回 (03-03, 点赞:赞)"
林木校招求职,https://www.xiaohongshu.com/user/profile/64d49e30000000000101e738?channel_type=web_profile_page&xsec_token=ABYPgztoOKQK5sZA1JvO-UNRiB5RPqiMu245LBSQak6fY%3D&xsec_source=pc_note,03-04 北京,2025/03/04 19:32:21,2025/03/04 19:32:21,2025-04-03T02:23:51.569Z,67c6e4c5000000000d01686d,https://www.xiaohongshu.com/explore/67c6e4c5000000000d01686d?xsec_token=AB-qZmVBPRNt_ZhUfXLqHW-NdRykB5XJHnAm0eDaaUE3w=&xsec_source=pc_user,26届有效投递暑期实习SOP,是不是有同学到现在都不知道怎么准备暑期实习 今天我们来仔细拆解一下如何有条理地准备好暑期实习~ 1️⃣暑期实习时间线：2月底就会开始开放岗位，2-4月为密集投递期，5-6月还可以继续捡漏，不要错过投递时间！ 2️⃣暑期实习转正适合谁：实习经历好的同学和学校一般的同学更应该积极投递暑期实习为秋招保底，搏实习转正！ 3️⃣没有实习怎么办：可以先从中小厂入手找，将经历更新在简历上 4️⃣暑期实习投递建议： ⭕可以把暑期实习当作小秋招，经历过完整投递周期第二次一定更得心应手！ ⭕暑期实习不影响春招秋招所以即使暑期实习转正了也请尽管大胆投递！ 祝大家都能顺利拿下今年的暑期实习！,#林木求职|#找工作|#求职|#暑期实习|#面试|#互联网大厂|#求职干货|#春招坦白局|#春招offer马上来|#为春招人撑伞,349,259,36,video,http://sns-webpic-qc.xhscdn.com/202504031023/dcad94fc84febfa713194f01bf7f085a/spectrum/1040g0k031ejt7np8gc005p6kjoo0bppoe508h0g!nd_dft_wlteh_webp_3,https://sns-video-bd.xhscdn.com/spectrum/1040g35831ejt3kve0c005p6kjoo0bppohttafa8,,"林木校招求职: 校招礼包：offer (03-04北京, 点赞:赞)|  ↳林木校招求职: ④我666令页 (03-04北京, 点赞:赞)||养只扬.: 现在还能投暑期实习吗 26届 (3 天前河南, 点赞:赞)|  ↳林木校招求职: 可以 (3 天前北京, 点赞:赞)||阿包: 求 (昨天 17:26江苏, 点赞:赞)|  ↳林木校招求职: ④💌已回 (昨天 19:54北京, 点赞:赞)||一只张张包: 您好老师 我想问一下我投大厂的暑期实习如果挂了那会影响后续我投该大厂的日常实习吗？因为我听说暑期实习要求会高一点，如果我没进去那连日常实习机会会不会也失去了 (03-12湖北, 点赞:赞)|  ↳林木校招求职: 一般不会影响 (03-12北京, 点赞:赞)||charge: 想问一下 大多数公司能接受六月到岗吗 如果不是现在投还是4、5月投呀 感恩 (03-06英国, 点赞:赞)|  ↳林木校招求职: 暑期实习一般都是在6月左右到岗的，现在可以投，日常实习一般就要求尽快到岗了。 (03-06北京, 点赞:2)||小红薯62E7A029: 211硕3段产品1段运营，0面试 (03-14浙江, 点赞:赞)|  ↳小红薯62E7A029: 3大厂一中厂 (03-14浙江, 点赞:赞)||abcd: sp ssp是什么意思？是正式秋招的工资和暑期转正的工资不一样吗？求解 (03-05海南, 点赞:1)|  ↳林木校招求职: 两种不同的offer类型，比白菜分别高一档和两档 (03-05北京, 点赞:1)||皆是因缘: 请问，27届毕业，目前大二，暑假也想找实习，怎么找呢？ (03-05湖北, 点赞:赞)|  ↳林木校招求职: 你找的是暑假实习，不是暑期实习，可以本学期快结束了5-6月开始投日常实习，建议这学期有时间可以提前刷一段实习了。 (03-11北京, 点赞:赞)||小张今天怎么样呀: 非科班26硕投产品，有一段新能源大厂产运，投暑期还是日常？可以投同一个公司的暑期和日常吗（想着去不了暑期去日常） (03-06广东, 点赞:赞)|  ↳林木校招求职: 先投日常边做边投暑期，大部分公司可以都投，但是日常基本需要随时到岗 (03-11北京, 点赞:1)||叫叫猫: 没经历需要快速先刷一段吗！ (03-06湖南, 点赞:1)|  ↳林木校招求职: 有必要，可以💌我咨询 (03-11北京, 点赞:赞)"
林木校招求职,https://www.xiaohongshu.com/user/profile/64d49e30000000000101e738?channel_type=web_profile_page&xsec_token=ABYPgztoOKQK5sZA1JvO-UNRiB5RPqiMu245LBSQak6fY%3D&xsec_source=pc_note,03-11 北京,2025/03/11 19:16:17,2025/03/11 19:16:17,2025-04-03T02:23:56.069Z,67d01b81000000001203c635,https://www.xiaohongshu.com/explore/67d01b81000000001203c635?xsec_token=AB34bCqsTwEGii9eliQuThvVPg-Dt8WUG8AUgRhFDL2T0=&xsec_source=pc_user,“寒暑假实习”竞争大，日常才是捡漏机会,不要盲目等寒暑假实习啦，先搞清实习是什么！ ⭕实习分为暑期实习和日常实习，而有的公司可能没有开日常实习 1️⃣暑期实习的招聘时间是3-6月，会有2轮面试，3-4月是最好找的，到了5-6月可以继续捡漏 2️⃣日常实习本质上是招人打杂，但全年都会开 找日常实习可以多看看boss+内推+找继任 找暑期实习的话建议多多看官网喔！,#林木求职|#找工作|#校招|#求职|#互联网大厂|#春招|#春招坦白局|#为春招人撑伞|#春招人精神状态|#暑期实习,58,57,20,video,http://sns-webpic-qc.xhscdn.com/202504031023/928932ae87be56311936779beed8ba12/spectrum/1040g34o31est87lcmq0g5p6kjoo0bppoifiojcg!nd_dft_wlteh_webp_3,https://sns-video-bd.xhscdn.com/spectrum/1040g2f031est81qbm0005p6kjoo0bppotssm770,,"林木校招求职: 暑期实习网申表：offer (03-11北京, 点赞:赞)|  ↳林木校招求职: ④我666令页 (03-11北京, 点赞:赞)||一生平安: offer (03-17吉林, 点赞:赞)|  ↳林木校招求职: ④📭已回 (03-17北京, 点赞:赞)||子非鱼焉知鱼之乐: offer (03-23湖北, 点赞:赞)|  ↳林木校招求职: 招呼🈵了④戳我呀 (03-24北京, 点赞:赞)||tiany: 暑期实习 (03-18北京, 点赞:赞)|  ↳林木校招求职: 回你了 (03-19北京, 点赞:1)||不吃冰淇淋的热狗: offer (03-12浙江, 点赞:赞)|  ↳林木校招求职: 招呼满了，✉️戳我 (03-12北京, 点赞:赞)||我是韦同学: offer (03-11天津, 点赞:赞)|  ↳林木校招求职: 招呼满了，✉️戳我 (03-12北京, 点赞:赞)||青花瓷: 想找暑期实习，老师那边有合适的岗位推荐吗？ (4 天前山东, 点赞:赞)||nikawaa: offer (03-11四川, 点赞:赞)|  ↳林木校招求职: 招呼满了，✉️戳我 (03-12北京, 点赞:赞)||小红薯61957103: offer (03-11北京, 点赞:赞)|  ↳林木校招求职: 招呼满了，✉️戳我 (03-12北京, 点赞:赞)||一只小南: offer (03-11北京, 点赞:赞)|  ↳林木校招求职: 招呼🈵了④戳我呀 (03-11北京, 点赞:赞)"
林木校招求职,https://www.xiaohongshu.com/user/profile/64d49e30000000000101e738?channel_type=web_profile_page&xsec_token=ABYPgztoOKQK5sZA1JvO-UNRiB5RPqiMu245LBSQak6fY%3D&xsec_source=pc_note,编辑于 03-10 北京,2025/03/10 20:25:09,2025/03/10 20:53:40,2025-04-03T02:23:59.192Z,67ceda250000000007034aa5,https://www.xiaohongshu.com/explore/67ceda250000000007034aa5?xsec_token=ABVib8hHUophVd3maWGaOLn0O92ztLm-qWbLhEoKFpf84=&xsec_source=pc_user,我发现，我特别会挖掘小朋友简历里的亮点,简历里的实习经历怎么写，怎么教都教不会，我只能祭出怎么改的保姆级教程了 之前跟大家说过，所有的简历都是总分的逻辑，如果放到实习经历这应该怎么写呢？ ⭐总就是自己的核心职责，分是核心项目，要讲清楚‼️背景，策略和结果‼️ ⭕项目背景只说清楚为什么做，如何定位清楚问题并解决就可以了 我们着重在项目核心内容里要体现的是以下三个能力： 1️⃣问题分析能力 2️⃣产品迭代能力 3️⃣数据能力 所以你看，核心思路就是弱化做的流程，强化能力、结果和策略 按照以上👆的方法改简历，实习经历是不是一下子高级了呢？,#找工作|#校招|#项目经历|#实习经历|#dirtywork|#春招|#春招坦白局|#春招offer马上来|#为春招人撑伞|#留在牌桌上,63,85,11,video,http://sns-webpic-qc.xhscdn.com/202504031023/15f36b4be8d05d7411e060a28d4db9c7/spectrum/1040g0k031ermb4vlls005p6kjoo0bppon85am3g!nd_dft_wlteh_webp_3,https://sns-video-bd.xhscdn.com/spectrum/1040g35831ern4uto6q105p6kjoo0bppof0sa6ko,,"林木校招求职: 校招ssp简历:offer (03-11北京, 点赞:赞)|  ↳林木校招求职: ④我666令页 (03-11北京, 点赞:赞)||小画家（好运滚滚来版）: offer！求 (03-14上海, 点赞:赞)|  ↳林木校招求职: ④📭已回 (03-14北京, 点赞:赞)||风筝: offer (03-11山西, 点赞:赞)|  ↳林木校招求职: 招呼🈵了④戳我呀 (03-11北京, 点赞:赞)||小红薯61957103: offer (03-10北京, 点赞:赞)|  ↳林木校招求职: 招呼满了，✉️戳我 (03-10北京, 点赞:赞)||我是韦同学: offer (03-10天津, 点赞:赞)|  ↳林木校招求职: 招呼🈵了④戳我呀 (03-10北京, 点赞:赞)"
林木校招求职,https://www.xiaohongshu.com/user/profile/64d49e30000000000101e738?channel_type=web_profile_page&xsec_token=ABYPgztoOKQK5sZA1JvO-UNRiB5RPqiMu245LBSQak6fY%3D&xsec_source=pc_note,编辑于 03-12 北京,2025/03/12 11:55:06,2025/03/12 12:17:25,2025-04-03T02:24:02.003Z,67cfe5e1000000000e005b6b,https://www.xiaohongshu.com/explore/67cfe5e1000000000e005b6b?xsec_token=ABwcaX2x1mVDCxFPh7OX8cniP919kt92F96lmnueanWJo=&xsec_source=pc_user,太老实的人，校招投大厂会吃很多亏,真心建议校招想进互联网大厂的同学真的不要太老实，简历有什么写什么，面试不会的直接说不知道，这样大概率会被刷下去🙅🏻‍♀️想要拿offer，如果你不知道怎么进互联网大厂，快带上你的资料加问题，👇点击下方【咨询按钮】👇，我会告诉你如何快速拿到offer！ 不要对未来没有规划，盲目准备！ 👉所有的留学生在第1年读书的时候，就应该明确自己未来的职业方向，确定是进入互联网行业、外企还是国企央企。 这三种职业路径的准备策略各不相同。如果你的职业目标是互联网行业，那么核心策略就是积累实习经验，以此提升自己在该领域的专业能力，增强对目标岗位的适配性。互联网大厂的招聘主要考察专业能力，而这种能力的提升往往依赖于实习经历。 👉如果你想走国企或者央企，它核心看的是好的校园经历，少量的实习，需要的是你笔试要强，基本上国央企的淘汰率是在60%以上，所以绝大多数人在第1轮就已经被淘汰了，而且在国央企里面，它的笔试的内容还完全不一样，你去报国家电网的和报烟草的完全不一样，对于国央企来讲，你的实习就没有那么那么重要 👉如果要去外企，一方面需要匹配的公司和岗位的实习，其次多数的外企对基础素质非常非常看重，因为他们有非常成熟的培养人的方式。这一点金融除外，所以你只要好好准备面试，然后拿自己留学的履历，经历，实习的项目经历，拿到外企的offer问题就不太大，那对于外企来讲绩点也没有那么重要，把你的表达能力，把你的基础素质，把你的沟通能力提升起来是关键的。如果你要走金融，尤其是投行和券商，那更多的是一整套的规划，你需要早期就开始实习，实习完了之后有暑期实习，暑期实习之后再转正，它又是一个更长期的规划。 所以留学生校招一定不能太老实，盲目准备，一定要要快点明确自己后续的主线，如果你在求职过程中怕踩坑，不知道怎么做： ✅ 1V1 个性化定制专属项目，未来该怎么做一目了然 ✅大厂老师亲自指导项目实操和系统课程，拒绝“经验、技能”空白 ✅一对一面试辅导，面试就像开卷考，轻松拿offer 如果你想参加校招，但不知道怎么准备能稳拿offer ，快带上你的问题＋背景，👇点击下方【咨询按钮】👇，大厂导师带你拿offer,#留学生校招|#校招|#春招|#求职|#找工作|#林木求职|#简历|#面试|#互联网大厂|#为春招人撑伞,6,5,5,images,https://ci.xiaohongshu.com/spectrum/1040g0k031esms661lu005p6kjoo0bpposhrrudg?imageView2/format/png,,"https://ci.xiaohongshu.com/spectrum/1040g0k031esms661lu005p6kjoo0bpposhrrudg?imageView2/format/png, https://ci.xiaohongshu.com/spectrum/1040g0k031esms661lu1g5p6kjoo0bppo1bt8ru8?imageView2/format/png, https://ci.xiaohongshu.com/spectrum/1040g0k031esms661lu105p6kjoo0bppohjej05o?imageView2/format/png, https://ci.xiaohongshu.com/spectrum/1040g0k031esms661lu0g5p6kjoo0bppopblukc0?imageView2/format/png","林木校招求职: 校招礼包:offer (03-12北京, 点赞:赞)|  ↳林木校招求职: ④我666令页 (03-12北京, 点赞:赞)||一只小南: offer (03-12北京, 点赞:赞)|  ↳林木校招求职: 招呼满了，✉️戳我 (03-12北京, 点赞:赞)"
林木校招求职,https://www.xiaohongshu.com/user/profile/64d49e30000000000101e738?channel_type=web_profile_page&xsec_token=ABYPgztoOKQK5sZA1JvO-UNRiB5RPqiMu245LBSQak6fY%3D&xsec_source=pc_note,03-09 北京,2025/03/09 19:31:01,2025/03/07 19:36:18,2025-04-03T02:24:05.258Z,67cada32000000000703724a,https://www.xiaohongshu.com/explore/67cada32000000000703724a?xsec_token=ABmhEs1pArvw3fmPMBMa4YlcJbGQJt8-f9IVpV2tQB7Uc=&xsec_source=pc_user,2025一毕业就能年薪百万的，主流路线,想要拿高年薪offer具体怎么做？ 10-20w看学校+选对城市就可以 20-30w靠一般的实习经历和校园经历 30-40w需要好的岗位选择+匹配的实习经历还有好的求职准备 40w+看岗位选择还靠学校、专业、论文、实习,#找工作|#暑期实习|#校招|#求职|#互联网大厂|#春招|#春招坦白局|#春招offer马上来|#为春招人撑伞|#春招人精神状态,21,10,14,video,http://sns-webpic-qc.xhscdn.com/202504031024/8702e54923b167d5c133998faffc4037/spectrum/1040g0k031enpboq8lq005p6kjoo0bppoj9f3oe0!nd_dft_wlteh_webp_3,https://sns-video-bd.xhscdn.com/spectrum/1040g2f031enp68tgm0005p6kjoo0bppoc87lsp8,,"林木校招求职: 校招礼包:offer (03-09北京, 点赞:赞)|  ↳林木校招求职: ④我666令页 (03-09北京, 点赞:1)||小红薯61957103: offer (03-09北京, 点赞:赞)|  ↳林木校招求职: 招呼🈵了④戳我呀 (03-10北京, 点赞:赞)||白展胖: offer (03-10上海, 点赞:赞)|  ↳林木校招求职: 招呼满了，✉️戳我 (03-12北京, 点赞:赞)||白展胖: offer (03-10上海, 点赞:赞)|  ↳林木校招求职: 招呼满了，✉️戳我 (03-12北京, 点赞:赞)||我是韦同学: offer (03-10天津, 点赞:赞)|  ↳林木校招求职: 招呼🈵了④戳我呀 (03-10北京, 点赞:赞)||一只小南: offer (03-09北京, 点赞:赞)|  ↳林木校招求职: 招呼🈵了④戳我呀 (03-09北京, 点赞:赞)"
林木校招求职,https://www.xiaohongshu.com/user/profile/64d49e30000000000101e738?channel_type=web_profile_page&xsec_token=ABYPgztoOKQK5sZA1JvO-UNRiB5RPqiMu245LBSQak6fY%3D&xsec_source=pc_note,编辑于 03-10 北京,2025/03/10 18:03:09,2025/03/10 18:05:57,2025-04-03T02:24:08.005Z,67cea52f00000000060387e7,https://www.xiaohongshu.com/explore/67cea52f00000000060387e7?xsec_token=ABVib8hHUophVd3maWGaOLn2alqILcPYmQCPOAKsjZvcg=&xsec_source=pc_user,趁早对“老板型”的导师祛魅吧,想去实习却被导师卡实习，你满肚子的“想去实习”只能被被堵得死死的 好不容易找到实习却被控制欲超强的导师拦着去不了 还有不跟你说要实习要找工作但毕业前就开始催你签三方只想敷衍了事的本科生老师 所以，千万别把导师当成老板，一定要勇敢说出自己的诉求赶紧实习哇,#找工作|#求职|#实习|#大学生找工作|#导师|#校招|#研究生的牛马人生|#春招|#为春招人撑伞|#春招人精神状态,23,12,9,video,http://sns-webpic-qc.xhscdn.com/202504031024/e3f202cbcfc271b6ace81e94f5af9dc0/spectrum/1040g34o31erer3cils0g5p6kjoo0bppo7l50vso!nd_dft_wlteh_webp_3,https://sns-video-bd.xhscdn.com/spectrum/1040g0jg31erel0dklo005p6kjoo0bppo7mdb380,,"林木校招求职: 校招礼包:offer (03-10北京, 点赞:赞)|  ↳林木校招求职: ④我，666令页 (03-10北京, 点赞:赞)||小红薯61957103: offer (03-10北京, 点赞:赞)|  ↳林木校招求职: 招呼满了，✉️戳我 (03-12北京, 点赞:赞)||我是韦同学: offer (03-10天津, 点赞:赞)|  ↳林木校招求职: 招呼满了，✉️戳我 (03-12北京, 点赞:赞)||一只小南: offer (03-10北京, 点赞:赞)|  ↳林木校招求职: ④✉已满，私戳我 (03-10北京, 点赞:赞)"
林木校招求职,https://www.xiaohongshu.com/user/profile/64d49e30000000000101e738?channel_type=web_profile_page&xsec_token=ABYPgztoOKQK5sZA1JvO-UNRiB5RPqiMu245LBSQak6fY%3D&xsec_source=pc_note,03-14 北京,2025/03/14 19:02:24,2025/03/14 17:30:25,2025-04-03T02:24:11.500Z,67d3f730000000001201e1d4,https://www.xiaohongshu.com/explore/67d3f730000000001201e1d4?xsec_token=ABDY96J4PMG0OIP7Sli9aja1KaYzN5w4fd6wXsEfQ4Y1A=&xsec_source=pc_user,关于春招，现在应该干什么不焦虑,春招的你是不是也遇到了这些问题？ 1️⃣当每天新增100家投递企业的时候就很懵，懵之后就是焦虑。懵的原因是不知所措，到了要投递的时候又觉得自己似乎还没准备好，开始焦虑了 👉先定方向+投简历，这两项依赖于自己对自己过去经历的梳理+秋招复盘 2️⃣公司极其多，也担心错过机会 👉先看具体哪些公司有岗位，然后定投递节奏，匹配的岗位都应该投，保持每天或者隔天投递 3️⃣手忙脚乱，每天都巨累无比，完全耗不动 👉用sop的方式去准备春招，可以直接去看之前的视频哦~,#林木求职|#找工作|#校招|#求职|#互联网大厂|#春招|#投简历|#春招坦白局|#春招offer马上来|#我为春招人撑伞,80,51,43,video,http://sns-webpic-qc.xhscdn.com/202504031024/fabe503af4cda634cf0d84f3ba2dadbb/spectrum/1040g0k031f0l2uo4lu005p6kjoo0bppobjailno!nd_dft_wlteh_webp_3,https://sns-video-bd.xhscdn.com/spectrum/1040g35831f0fckibmm0g5p6kjoo0bppolbmstho,,"林木校招求职: 校招礼包：offer (03-14北京, 点赞:赞)|  ↳林木校招求职: ④我666令页 (03-14北京, 点赞:赞)||Aurora: offer (03-24河北, 点赞:赞)|  ↳林木校招求职: ④📭已回 (03-24北京, 点赞:赞)||23676771: offer🙏 (03-24北京, 点赞:赞)|  ↳林木校招求职: ④💌已回 (03-24北京, 点赞:赞)||momo: offer (03-21天津, 点赞:赞)|  ↳林木校招求职: ④💌已回 (03-21北京, 点赞:赞)||糖🍬不甜: offer (03-20江苏, 点赞:赞)|  ↳林木校招求职: ④💌已回 (03-21北京, 点赞:赞)||心想事橙🍊: offer (03-20北京, 点赞:赞)|  ↳林木校招求职: ④💌已回 (03-20北京, 点赞:赞)||彼岸: offer (03-20江苏, 点赞:赞)|  ↳林木校招求职: ④💌已回 (03-20北京, 点赞:赞)||晚风吹行舟: offer (03-19安徽, 点赞:赞)|  ↳林木校招求职: ④💌已回 (03-20北京, 点赞:赞)||小红薯60CC2FC5: offer (03-19广东, 点赞:赞)|  ↳林木校招求职: 回你了 (03-19北京, 点赞:赞)||òᆺó: offer (03-19福建, 点赞:赞)|  ↳林木校招求职: 回你了 (03-19北京, 点赞:赞)"
林木校招求职,https://www.xiaohongshu.com/user/profile/64d49e30000000000101e738?channel_type=web_profile_page&xsec_token=ABYPgztoOKQK5sZA1JvO-UNRiB5RPqiMu245LBSQak6fY%3D&xsec_source=pc_note,03-18 北京,2025/03/18 18:23:30,2025/03/18 18:23:31,2025-04-03T02:24:14.088Z,67d949a2000000000302915b,https://www.xiaohongshu.com/explore/67d949a2000000000302915b?xsec_token=ABS9VrCNa4iCc_kHyniP5Vd1K0Wlv5RjtAb4_Nb0BDccY=&xsec_source=pc_user,⚠️25年腾讯暑期实习：勇敢投递别纠结,腾讯是最早开暑期实习的一波！该怎么准备，有哪些特点看这里👇 ⭕这次是招2025年9月-2026年12月期间毕业的同学！大部分岗位会集中在3-4月完成面试和录用，强烈建议同学们在3月进行投递~而且这次没有安排统一笔试！ ⭕腾讯暑期实习属于通用的jd，这意味着你不需要针对jd去准备面试了，你只需要深挖自己的简历就可以了 ⭕实习的招聘会有pre留学生的专项，这是专门针对留学生开放的投递渠道，留子们也可以投起来！ 祝大家都能拥有心仪的offer～🌟,#林木求职|#腾讯|#校招|#应届生|#大三|#研二|#春招坦白局|#春招offer马上来|#为春招人撑伞|#暑期实习,77,71,45,video,http://sns-webpic-qc.xhscdn.com/202504031024/67b79922b411b70fe5fce14fb34448b4/spectrum/1040g0k031f5qsjchmm005p6kjoo0bppofpl71f0!nd_dft_wlteh_webp_3,https://sns-video-bd.xhscdn.com/spectrum/1040g2f031f5qs2ct6q005p6kjoo0bppo645cf80,,"林木校招求职: 网申表：offer (03-18北京, 点赞:赞)|  ↳林木校招求职: ④我666令页 (03-18北京, 点赞:赞)||not my微辣酱: offer (2 天前北京, 点赞:赞)|  ↳林木校招求职: ④💌已回 (2 天前北京, 点赞:赞)||Azzzy🦖: offer (3 天前英国, 点赞:赞)|  ↳林木校招求职: ④💌已回 (2 天前北京, 点赞:赞)||人工智障: offer (6 天前北京, 点赞:赞)|  ↳林木校招求职: ④📭已回 (5 天前北京, 点赞:赞)||刀刀: offer (03-21广东, 点赞:赞)|  ↳林木校招求职: ④💌已回 (03-21北京, 点赞:赞)||🍒樱桃: offer (03-21上海, 点赞:赞)|  ↳林木校招求职: ④💌已回 (03-21北京, 点赞:赞)||Sakura: 怎么求老师实习整理的表格 (03-21四川, 点赞:赞)|  ↳林木校招求职: 招呼🈵了④戳我呀 (03-24北京, 点赞:赞)||Herman: offer (03-22山东, 点赞:赞)|  ↳林木校招求职: 招呼🈵了④戳我呀 (03-24北京, 点赞:赞)||不惑而已: offer (03-23上海, 点赞:赞)|  ↳林木校招求职: ④💌已回 (03-24北京, 点赞:赞)||(￣㉨￣): offer (03-22北京, 点赞:赞)|  ↳林木校招求职: ④📭已回 (03-24北京, 点赞:赞)"
林木校招求职,https://www.xiaohongshu.com/user/profile/64d49e30000000000101e738?channel_type=web_profile_page&xsec_token=ABYPgztoOKQK5sZA1JvO-UNRiB5RPqiMu245LBSQak6fY%3D&xsec_source=pc_note,03-19 北京,2025/03/19 20:15:31,2025/03/19 20:15:32,2025-04-03T02:24:17.098Z,67dab563000000001d0195f8,https://www.xiaohongshu.com/explore/67dab563000000001d0195f8?xsec_token=ABGergXnt462OQSZ31IBCEKxmrvgatW1y0qCuoShXZ-QM=&xsec_source=pc_user,假如校招offer有段位，你在哪个level,在校招中，不同层级的学生可能因为学历或者实习经历的不同，收获的offer段位也不同， 在此基础之上，差异化优势也会对薪资起到一定的影响结果。 今天就来给大家介绍一下不同段位的offer，会发给什么样的同学？ 林木求职陪跑 林木产品经理,#校招|#找工作|#求职|#求职陪跑|#应届生|#人才计划|#职场进阶指南|#职场smalltalk|#留在牌桌上|#林木求职,32,13,6,video,http://sns-webpic-qc.xhscdn.com/202504031024/0bf6bf2f8b853b39a8140ca62aa10715/spectrum/1040g34o31f78nl436m005p6kjoo0bppoa33i8io!nd_dft_wlteh_webp_3,https://sns-video-bd.xhscdn.com/spectrum/1040g35831f78mmb8mq0g5p6kjoo0bppofp3t0a0,,"林木校招求职: 校招礼包:offer (03-19北京, 点赞:赞)||小水滴💦: offer (03-21山东, 点赞:赞)|  ↳林木校招求职: ④📭已回 (03-21北京, 点赞:赞)||笑～忘书: offer (03-19山东, 点赞:赞)|  ↳林木校招求职: 回你了 (03-19北京, 点赞:赞)||小红薯61957103: offer (03-19北京, 点赞:赞)"
林木校招求职,https://www.xiaohongshu.com/user/profile/64d49e30000000000101e738?channel_type=web_profile_page&xsec_token=ABYPgztoOKQK5sZA1JvO-UNRiB5RPqiMu245LBSQak6fY%3D&xsec_source=pc_note,03-12 北京,2025/03/12 19:26:58,2025/03/12 19:26:59,2025-04-03T02:24:19.976Z,67d16f820000000009014e83,https://www.xiaohongshu.com/explore/67d16f820000000009014e83?xsec_token=ABRzjX89fxErjGWickbBIzDly94cvSjR6_YnkgT30njDY=&xsec_source=pc_user,今年春招比较特殊，3月0面试真的很正常,春招第一批拿offer的人是从秋招开始投的那批人，但不意味着现在的你没有机会 记住以下的春招小tips，快快投起来！ ⭕春招开的公司很多，互联网和外企为主 ⭕央国企逐渐开放中，节奏会略晚 不要纠结现在投春招会不会太晚，现在投就是你最早的时间！ 春招碎片化的机会真的多，但最可怕的问题是投递量上不去 很多岗位招的不多，又零星着放出，所以更要抓紧！ 祝大家都能拥有心仪的offer～🌟,#林木求职|#找工作|#校招|#求职|#互联网大厂|#春招|#春招坦白局|#春招offer马上来|#为春招人撑伞,199,96,127,video,http://sns-webpic-qc.xhscdn.com/202504031024/81ef6df2017da20363215035a36c0611/spectrum/1040g34o31eu701j55u0g5p6kjoo0bppo5jaahq0!nd_dft_wlteh_webp_3,https://sns-video-bd.xhscdn.com/spectrum/1040g0jg31eu6kepe5u005p6kjoo0bppo9b1gm50,,"林木校招求职: 校招礼包：offer (03-12北京, 点赞:赞)|  ↳林木校招求职: ④我666令页 (03-12北京, 点赞:赞)||小幸福: offer (1 天前北京, 点赞:赞)|  ↳林木校招求职: ④💌已回 (昨天 11:19北京, 点赞:赞)||kkll24: offer (03-24湖南, 点赞:赞)|  ↳林木校招求职: ④💌已回 (5 天前北京, 点赞:赞)||Ryan偷学！: offer (03-26上海, 点赞:赞)|  ↳林木校招求职: ④💌已回 (7 天前北京, 点赞:赞)||HellCat: Offer (03-23上海, 点赞:赞)|  ↳林木校招求职: ④💌已回 (5 天前北京, 点赞:赞)||小红薯: offer (6 天前广东, 点赞:赞)|  ↳林木校招求职: ④📭已回 (5 天前北京, 点赞:赞)||闪电百合: 社招情况也类似吗？ (5 天前上海, 点赞:赞)||可乐鸡翅: offer (03-23北京, 点赞:赞)|  ↳林木校招求职: 招呼满了，✉️戳我 (03-24北京, 点赞:赞)||枕棠: offer (03-16吉林, 点赞:赞)|  ↳林木校招求职: ④📭已回 (03-16北京, 点赞:赞)||趣享杂货铺: offer (03-21山东, 点赞:赞)|  ↳林木校招求职: ④💌已回 (03-21北京, 点赞:赞)"
林木校招求职,https://www.xiaohongshu.com/user/profile/64d49e30000000000101e738?channel_type=web_profile_page&xsec_token=ABYPgztoOKQK5sZA1JvO-UNRiB5RPqiMu245LBSQak6fY%3D&xsec_source=pc_note,03-13 北京,2025/03/13 19:08:25,2025/03/13 19:08:25,2025-04-03T02:24:23.051Z,67d2bca900000000090149bb,https://www.xiaohongshu.com/explore/67d2bca900000000090149bb?xsec_token=ABbVTATYiRTkJJkxiFHagSOQb7-uoJFRC5qM1cy3Q33vI=&xsec_source=pc_user,“有鹅选鹅”的腾讯，到底有什么顶级魅力,为什么那么多人都想去腾讯？今天来讲一讲腾讯究竟有哪些好？ 业务稳定 有背书 给钱多 氛围好 👆这些都是同学们对选鹅的理由 但腾讯也有一些小缺点，比如要慎重选业务群，而且腾讯涨薪慢，在大平台容易变成螺丝钉,#林木求职|#腾讯|#找工作|#校招|#求职|#互联网大厂|#春招|#春招坦白局|#春招offer马上来|#为春招人撑伞,363,192,38,video,http://sns-webpic-qc.xhscdn.com/202504031024/421157e754958b63e498a38161ada539/spectrum/1040g0k031evfknsfls005p6kjoo0bpponjnf2l8!nd_dft_wlteh_webp_3,https://sns-video-bd.xhscdn.com/spectrum/1040g2f031evfgidm5s005p6kjoo0bppof57fudg,,"林木校招求职: 校招礼包：offer (03-13北京, 点赞:2)|  ↳林木校招求职: ④我666令页 (03-13北京, 点赞:2)||LLLLLLLLLL: 而且landing比其他大厂好 (03-16河北, 点赞:2)|  ↳momo123: 字节和阿里landing难吗 (03-17广东, 点赞:赞)||牛马蛋: 进腾讯实习前：有鹅选鹅|进到腾讯地图：完🥵 (03-14北京, 点赞:18)|  ↳小雨点儿: 抓住南哥 (03-15广东, 点赞:2)||星星和太阳: 你说的都是微信的业务或者多少相关的，其他业务也没那么好做，包括游戏。 (03-13广东, 点赞:13)|  ↳momo: 游戏不好吗 (03-13北京, 点赞:赞)||小康: 氛围好我绝对认同 (03-15浙江, 点赞:赞)|  ↳dgkall: 都是看部门 (03-16广东, 点赞:赞)||好想一辈子在理发店洗头🥕: @那个啥啥啥 @咩哈哈 (03-14江苏, 点赞:赞)|  ↳那个啥啥啥: 收到已学习 (03-14浙江, 点赞:赞)||头像理想型: 外企没人去啊 (03-22美国, 点赞:赞)||小小怪下士: 人才虹吸效应，抛开待遇和业务不谈，即便进鹅厂拧螺丝和其他地方拧螺丝没什么区别，但能和各种大牛业界最优秀的人一起工作拧螺丝本身对于刚毕业的学生来说就很受益了 (03-14四川, 点赞:2)||小红薯B489A6CD: 云事业群是腾讯云吗，不稳定经常裁员？ (03-16山东, 点赞:1)||你舅宠他爸: 都那么好了 还要找下一份工作 (03-18北京, 点赞:赞)"
林木校招求职,https://www.xiaohongshu.com/user/profile/64d49e30000000000101e738?channel_type=web_profile_page&xsec_token=ABYPgztoOKQK5sZA1JvO-UNRiB5RPqiMu245LBSQak6fY%3D&xsec_source=pc_note,03-20 北京,2025/03/20 19:38:59,2025/03/20 19:38:59,2025-04-03T02:24:27.133Z,67dbfe53000000000900c4af,https://www.xiaohongshu.com/explore/67dbfe53000000000900c4af?xsec_token=ABCscVqcLX1OuTKF7vJkgBs_9jz8sEEVlt70p1atN1TkU=&xsec_source=pc_user,当你实习越多你会发现...,不是实习段数越多，越有帮助 实习也是需要看具体公司的，今天就来盘点一下校招前哪些公司的实习最有含金量硬通货！ 综合领域👉背书强的逻辑是业务做的强，字节腾讯阿里第一梯队，京东快手美团百度第二梯队 垂直领域👉 1️⃣内容型的公司，除了字节、快手，小红书的含金量高 2️⃣电商型的公司，除了阿里、dd、京东，得物的含金量高 3️⃣教育类的公司，除了好未来、新东方，猿辅导的含金量高 4️⃣ai领域的公司，除了大厂外，六小龙里智谱、月之暗面、minimax背书高,#实习|#校招|#求职|#互联网大厂|#春招|#春招offer马上来|#春招坦白局|#为春招人撑伞|#实习|#暑期实习,266,174,54,video,http://sns-webpic-qc.xhscdn.com/202504031024/fc729cf0b04aa712011a9f1ed57fac91/spectrum/1040g0k031f8gbdam6m005p6kjoo0bppolrbmr0o!nd_dft_wlteh_webp_3,https://sns-video-bd.xhscdn.com/spectrum/1040g2f031f8g9brtmm005p6kjoo0bppofkmolko,,"林木校招求职: 校招礼包:offer (03-20北京, 点赞:1)|  ↳林木校招求职: ④💌666令页 (03-20北京, 点赞:赞)||小李不做宾客从: offer (7 天前广东, 点赞:赞)|  ↳林木校招求职: ④💌已回 (6 天前北京, 点赞:赞)||Tina: offer (03-25北京, 点赞:赞)|  ↳林木校招求职: ④💌已回 (03-25北京, 点赞:赞)||只想睡觉: offer (7 天前湖北, 点赞:赞)|  ↳林木校招求职: ④💌已回 (6 天前北京, 点赞:赞)||Blonde、: offer (03-22上海, 点赞:赞)|  ↳林木校招求职: ④💌已回 (03-24北京, 点赞:赞)||Banana: offer (03-24北京, 点赞:赞)|  ↳林木校招求职: 招呼满了，✉️戳我 (03-24北京, 点赞:赞)||四至: shein shopee 得物 唯品会 ，做开发岗，这些公司怎么排序？ (03-23广东, 点赞:赞)|  ↳林木校招求职: 可以④✉️咨询 (5 天前北京, 点赞:赞)||momo: offer (7 天前四川, 点赞:赞)|  ↳林木校招求职: ④💌已回 (6 天前北京, 点赞:赞)||xiaoliu.: offer (03-25新加坡, 点赞:赞)|  ↳林木校招求职: ④💌已回 (03-25北京, 点赞:赞)||斗斗斗冲冲冲奋奋奋: offer (03-25辽宁, 点赞:1)|  ↳林木校招求职: ④💌已回 (03-25北京, 点赞:赞)"
林木校招求职,https://www.xiaohongshu.com/user/profile/64d49e30000000000101e738?channel_type=web_profile_page&xsec_token=ABYPgztoOKQK5sZA1JvO-UNRiB5RPqiMu245LBSQak6fY%3D&xsec_source=pc_note,03-21 北京,2025/03/21 18:38:59,2025/03/21 18:39:00,2025-04-03T02:24:30.310Z,67dd41c3000000000e007e44,https://www.xiaohongshu.com/explore/67dd41c3000000000e007e44?xsec_token=ABCt3Vcqn07uLoyM8w6dpL3Q54JXfz81-4V9w5pNjPyDA=&xsec_source=pc_user,春招，出海企业🚢真的在大量捞人啊,春招已经开始啦！今年的就业形势虽然不错，但竞争依然激烈。 👀如果你正在为找工作而烦恼，不妨把目光投向那些正在积极拓展海外市场的出海企业。这些企业不仅发展前景广阔，还能让你积累国际化的职场经验！ ⭕国央企以及互联网、新能源、汽车和零部件、物流供应链等领域都有不少正在招聘的企业~ ⭐在投递简历之前，可以多了解企业的业务和文化，针对性地准备简历和面试通过率更高！同时，提升自己的外语水平和跨文化沟通能力，这将是你在出海企业中脱颖而出的重要优势。 抓住春招的机会，勇敢地迈出第一步！,#林木求职|#找工作|#春招|#出海企业|#校招|#求职|#互联网大厂|#春招offer马上来|#应届生|#为春招人撑伞,30,39,7,images,https://ci.xiaohongshu.com/spectrum/1040g34o31f9o22ckls305p6kjoo0bppo2n2ns40?imageView2/format/png,,"https://ci.xiaohongshu.com/spectrum/1040g34o31f9o22ckls305p6kjoo0bppo2n2ns40?imageView2/format/png, https://ci.xiaohongshu.com/spectrum/1040g34o31f9o22ckls2g5p6kjoo0bppou7q7p6o?imageView2/format/png, https://ci.xiaohongshu.com/spectrum/1040g34o31f9o22ckls3g5p6kjoo0bppov9at91g?imageView2/format/png, https://ci.xiaohongshu.com/spectrum/1040g34o31f9o22ckls205p6kjoo0bppo1k91clg?imageView2/format/png","林木校招求职: 校招礼包:offer (03-21北京, 点赞:赞)|  ↳林木校招求职: ④💌我666 (03-21北京, 点赞:赞)||直肠超通的卡尔: offer (03-22北京, 点赞:赞)|  ↳林木校招求职: ④📭已回 (03-24北京, 点赞:赞)||一只小南: offer (03-21北京, 点赞:赞)|  ↳林木校招求职: 回你了 (03-21北京, 点赞:赞)"
林木校招求职,https://www.xiaohongshu.com/user/profile/64d49e30000000000101e738?channel_type=web_profile_page&xsec_token=ABYPgztoOKQK5sZA1JvO-UNRiB5RPqiMu245LBSQak6fY%3D&xsec_source=pc_note,7 天前 北京,2025/03/26 19:08:43,2025/03/26 19:08:44,2025-04-03T02:24:33.965Z,67e3e03b000000000b015141,https://www.xiaohongshu.com/explore/67e3e03b000000000b015141?xsec_token=ABTpOIdtzAsWQ3A5aAVjF68538dhQtglXznLKUIYfZoZM=&xsec_source=pc_user,3月春招中小厂辣评：没hc可以不开,春招公司辣评第六弹！ 今天是——得物、盒马、莉莉丝游戏 得物：从成长角度来讲，最推荐的互联网中厂之一。业务模式特别，有护城河，电商大赛道，后续跳槽选择多，业务有增长背书强！唯一的问题是：卷，强度大 盒马：整体业务没有明显的变化，主要招管培生，对于学校学历好的同学性价比不高 莉莉丝游戏：上海游戏公司F4之一，做策略和创新类游戏的最适合的土壤，条件很好，问题是核心的策划岗位只有关卡策划,#林木求职|#找工作|#校招|#求职|#互联网大厂|#春招|#第二人生梦想家|#春招坦白局|#春招offer马上来,266,173,10,video,http://sns-webpic-qc.xhscdn.com/202504031024/0fac1fd8985d6a59aa6d0693ee5ff573/spectrum/1040g34o31fg73mfhmq0g5p6kjoo0bppoi5hg268!nd_dft_wlteh_webp_3,https://sns-video-bd.xhscdn.com/spectrum/1040g35831fg6t61u76105p6kjoo0bppontd7lpo,,"林木校招求职: 网申表:offer (7 天前北京, 点赞:赞)|  ↳林木校招求职: ④我666令页 (7 天前北京, 点赞:赞)||我是韦同学: offer (7 天前北京, 点赞:赞)|  ↳林木校招求职: 已回复 (7 天前北京, 点赞:赞)||一只小南: offer (7 天前北京, 点赞:1)|  ↳林木校招求职: 回你了 (7 天前北京, 点赞:赞)||臭要饭的: offer (7 天前北京, 点赞:赞)|  ↳林木校招求职: ④💌已回 (7 天前北京, 点赞:赞)"
林木校招求职,https://www.xiaohongshu.com/user/profile/64d49e30000000000101e738?channel_type=web_profile_page&xsec_token=ABYPgztoOKQK5sZA1JvO-UNRiB5RPqiMu245LBSQak6fY%3D&xsec_source=pc_note,03-24 北京,2025/03/24 19:01:16,2025/03/21 19:12:42,2025-04-03T02:24:36.744Z,67dd49aa000000000602b0bf,https://www.xiaohongshu.com/explore/67dd49aa000000000602b0bf?xsec_token=ABCt3Vcqn07uLoyM8w6dpL3QX3ESaeVSmQMVdWA1MC4fY=&xsec_source=pc_user,面试真的不能用“示弱性表达”，自降身价,‼️面试的时候是不是总感觉自己太弱，实际上是你在这些方面出了问题 1️⃣第一就是、声音小，犹豫，不坚定，不干脆，拖音，非常非常不自信，这个一开口就非常减分 2️⃣回答自证过多。一方面叫自证自己的弱点，另一方面就是一被质疑就方寸大乱，觉得自己错了，是不是自己没想清楚，开始解释。 3️⃣把自己放在弱者的角色。比如问你实习为什么走，你的回答体现出所有的问题包括成长你的思考点都是外界环境，而不是自己，所以你并不会从改变自己的角度去思考、归因，你要理解清楚，你是自己的第一责任人 面试其实是一场双向选择，只要我们做好充分准备，展现出自己的自信和实力，就一定能让面试官刮目相看！💕 祝大家都能拥有心仪的offer～🌟,#面试|#找工作|#校招|#求职|#互联网大厂|#春招|#春招坦白局|#春招offer马上来|#为春招人撑伞,196,159,26,video,http://sns-webpic-qc.xhscdn.com/202504031024/40076815abcd385121a4b2f1074abd92/spectrum/1040g0k031f9p37mplu005p6kjoo0bppo9v63q50!nd_dft_wlteh_webp_3,https://sns-video-bd.xhscdn.com/spectrum/1040g35831f9op1936q105p6kjoo0bppoj6j7be8,,"林木校招求职: 校招礼包:offer (03-21北京, 点赞:赞)|  ↳林木校招求职: ④💌我666令页 (03-21北京, 点赞:赞)||仝蒯: offer (昨天 09:42四川, 点赞:1)|  ↳林木校招求职: ④💌已回 (昨天 11:19北京, 点赞:赞)||小红薯61957103: offer (03-24北京, 点赞:赞)|  ↳林木校招求职: ④📭已回 (5 天前北京, 点赞:赞)||贡13.6: offer (7 天前德国, 点赞:赞)|  ↳林木校招求职: 招呼🈵了④戳我呀 (7 天前北京, 点赞:赞)||uenglin: offer (03-25四川, 点赞:赞)|  ↳林木校招求职: ④💌已回 (03-25北京, 点赞:赞)||一只小南: offer (03-24北京, 点赞:赞)|  ↳林木校招求职: ④💌已回 (03-24北京, 点赞:赞)||我是韦同学: Offer (03-24北京, 点赞:赞)|  ↳林木校招求职: ④📭已回 (5 天前北京, 点赞:赞)||咦xixi: offer (03-24北京, 点赞:赞)|  ↳林木校招求职: ④💌已回 (5 天前北京, 点赞:赞)||我爱睡觉: offer (03-25上海, 点赞:赞)|  ↳林木校招求职: ④💌已回 (03-25北京, 点赞:赞)||樱桃大宝贝: 但声音本身很细的我即使在逻辑的表达也不会给别人留下好印象， 所以我认了， 面试本身就是主观的感受占了大部分 (03-26英国, 点赞:赞)"
林木校招求职,https://www.xiaohongshu.com/user/profile/64d49e30000000000101e738?channel_type=web_profile_page&xsec_token=ABYPgztoOKQK5sZA1JvO-UNRiB5RPqiMu245LBSQak6fY%3D&xsec_source=pc_note,03-25 北京,2025/03/25 19:04:04,2025/03/25 19:04:04,2025-04-03T02:24:40.311Z,67e28da4000000000d015aee,https://www.xiaohongshu.com/explore/67e28da4000000000d015aee?xsec_token=ABBOXUnGE12pjb9novlt9jK4LT0JuxRsm0Z9c3as1SIIM=&xsec_source=pc_user,给大家科普下，大厂校招真实难度（主观版,关于大厂的校招难度你都了解吗？ t0：字节/腾讯/阿里，主流方式是暑期转正，并非直接招聘 t0.5：小红书 t1：快手/美团/pdd产培/阿里非核心 t2：百度/京东/pdd运营/携程,#林木求职|#找工作|#校招|#求职|#互联网大厂|#春招|#春招坦白局|#春招offer马上来|#为春招人撑伞,232,136,28,video,http://sns-webpic-qc.xhscdn.com/202504031024/f79c6893494af0b6df70ec8161bda8b1/spectrum/1040g34o31fetqcs1n60g5p6kjoo0bppocokqkjo!nd_dft_wlteh_webp_3,https://sns-video-bd.xhscdn.com/spectrum/1040g2f031fetmai45s005p6kjoo0bppo2biabtg,,"林木校招求职: 校招礼包:offer (03-25北京, 点赞:赞)|  ↳林木校招求职: ④我666令页 (03-25北京, 点赞:赞)||torres: 小红书 offer 点击就送啊，我知道两个双非的都进了 (03-26浙江, 点赞:2)|  ↳July Notes: 抛开职位谈没意义，有的岗位大专都能进 (03-26安徽, 点赞:10)||打哈欠: 小米呢 (03-26美国, 点赞:赞)|  ↳勉: 薪资垫底 (03-26北京, 点赞:赞)||这个世界太乱: 小红书虽然产品很棒，但真算不上大厂，当然也不妨碍面试难度高 (5 天前广东, 点赞:1)||London流浪小狗: 网易呢 (03-25广东, 点赞:1)|  ↳我勒个卡卡: 薪资待遇t1.5-t2，不怎么卷 (03-26浙江, 点赞:赞)||Poker.: 说的太中肯了 (7 天前辽宁, 点赞:赞)||inspIrene: offer (03-26北京, 点赞:赞)|  ↳林木校招求职: ④💌已回 (7 天前北京, 点赞:赞)||小红薯61957103: offer (03-25北京, 点赞:赞)|  ↳林木校招求职: ④💌已回 (5 天前北京, 点赞:赞)||jd: 张雪峰:别轻易入坑互联网，新出的现象级app这两年没有 (03-26北京, 点赞:1)||和你有关系么你说: offer (7 天前北京, 点赞:赞)|  ↳林木校招求职: 招呼🈵了④戳我呀 (7 天前北京, 点赞:赞)"
林木校招求职,https://www.xiaohongshu.com/user/profile/64d49e30000000000101e738?channel_type=web_profile_page&xsec_token=ABYPgztoOKQK5sZA1JvO-UNRiB5RPqiMu245LBSQak6fY%3D&xsec_source=pc_note,编辑于 6 天前 北京,2025/03/27 18:15:37,2025/03/27 18:19:02,2025-04-03T02:24:43.362Z,67e525490000000006028152,https://www.xiaohongshu.com/explore/67e525490000000006028152?xsec_token=ABIzRbS2D3Kv7fpdKmAUDCgMp7zJ6Sj5dDcK8kZ_QkJKI=&xsec_source=pc_user,B端产品经理，选对方向比努力有效一万倍,目前大部分想转行产品经理的同学，基本都会选B端。但是B端产品经理方向不同，发展差距非常非常大，所以想转行B端产品经理第一道坎就是选方向！ ⭐今天来聊聊B端产品经理怎么选方向，怎么选赛道~ 1️⃣选方向要考虑的核心能力 🔆对复杂业务理解的深度 🔆复杂产品架构的能力 2️⃣选方向的难点 🔆之前积累的业务经验没有用了 🔆基于业务做的产品的经验也没用了 3️⃣选方向的建议 🔆一定要深耕，重视赛道选择 🔆选择基础设施类和行业竞争类 🔆优先看业务体量和行业地位 希望这些干货能帮到正在求职的你，选对方向，少走弯路，早日拿到心仪的offer！💪,#内行人的真实瞬间|#第二人生梦想家|#找工作|#校招|#求职|#互联网大厂|#产品经理|#B端产品经理|#春招|#为春招人撑伞,18,27,11,images,https://ci.xiaohongshu.com/spectrum/1040g34o31fhedtp5ne0g5p6kjoo0bppo20vefs8?imageView2/format/png,,"https://ci.xiaohongshu.com/spectrum/1040g34o31fhedtp5ne0g5p6kjoo0bppo20vefs8?imageView2/format/png, https://ci.xiaohongshu.com/spectrum/1040g34o31fhee6uj7gb05p6kjoo0bppon6595u0?imageView2/format/png, https://ci.xiaohongshu.com/spectrum/1040g34o31fhee6uj7g9g5p6kjoo0bppo5r1ic70?imageView2/format/png, https://ci.xiaohongshu.com/spectrum/1040g34o31fhee6uj7gbg5p6kjoo0bppou3bq96g?imageView2/format/png, https://ci.xiaohongshu.com/spectrum/1040g34o31fhee6uj7ga05p6kjoo0bppovdmp3j0?imageView2/format/png, https://ci.xiaohongshu.com/spectrum/1040g34o31fhee6uj7gag5p6kjoo0bpposlg2550?imageView2/format/png, https://ci.xiaohongshu.com/spectrum/1040g34o31fhf4ihq7i0g5p6kjoo0bppo40e559o?imageView2/format/png","林木校招求职: 校招礼包:offer (6 天前北京, 点赞:赞)|  ↳林木校招求职: ④我666令页 (6 天前北京, 点赞:赞)||想开潜水艇: offer (6 天前上海, 点赞:赞)|  ↳林木校招求职: ④📭已回 (5 天前北京, 点赞:赞)||咦xixi: offer (6 天前北京, 点赞:赞)|  ↳林木校招求职: ④📭已回 (5 天前北京, 点赞:赞)||一只小南: offer (6 天前北京, 点赞:赞)|  ↳林木校招求职: ④💌已回 (6 天前北京, 点赞:赞)||我是韦同学: Offer (6 天前天津, 点赞:赞)|  ↳林木校招求职: ④📭已回 (6 天前北京, 点赞:赞)"
林木校招求职,https://www.xiaohongshu.com/user/profile/64d49e30000000000101e738?channel_type=web_profile_page&xsec_token=ABYPgztoOKQK5sZA1JvO-UNRiB5RPqiMu245LBSQak6fY%3D&xsec_source=pc_note,编辑于 1 天前 北京,2025/03/31 19:00:41,2025/04/01 19:04:48,2025-04-03T02:24:46.123Z,67ea75d9000000001c003f3a,https://www.xiaohongshu.com/explore/67ea75d9000000001c003f3a?xsec_token=ABeRik_ufkNFN5z9hgzKh0SF41hG1_r9Cs_RgropmLjq8=&xsec_source=pc_user,我做求职陪跑vs传统求职机构有什么区别？,之前只做社招的我现在做校招评价也超高，因为我们最大的优势的就是——专业度！ 我们的老师都是以社招为基准的，对老师和服务的要求和标准自然是比较高的。而社招是难于校招的，做社招之后来做校招自然是降维打击！比起其他同行提供的都是工作3-5年的老师，我们的老师都是已经工作6年+的资深从业者，会根据同学的具体情况给出1v1的精准求职辅导~,#求职机构|#求职中介|#求职陪跑|#面试辅导|#找工作|#校招|#春招|#求职|#第二人生梦想家|#春招offer马上来,4,2,7,video,http://sns-webpic-qc.xhscdn.com/202504031024/34e11c245e2670028f2cde4398fecb4a/spectrum/1040g34o31fnue8fhgc0g5p6kjoo0bppor5v19lo!nd_dft_wlteh_webp_3,https://sns-video-bd.xhscdn.com/spectrum/1040g35831fmkrp597k0g5p6kjoo0bppogmsjrvg,,"林木校招求职: 想进互联网做产品/运营/数分/商分/市场这类非技术岗的同学，可以带上简历找我，可以帮你看看职业规划和简历问题，💌或者排队蹲就好了 (2 天前北京, 点赞:赞)||咦xixi: 蹲蹲 求帮看 (2 天前北京, 点赞:赞)|  ↳林木校招求职: ④你了 (2 天前北京, 点赞:赞)||我是韦同学: Offer (2 天前北京, 点赞:赞)|  ↳林木校招求职: ④💌已回 (1 天前北京, 点赞:赞)||小红薯61957103: dd求看简历 (2 天前北京, 点赞:赞)|  ↳林木校招求职: ④💌你啦 (2 天前北京, 点赞:赞)"
林木校招求职,https://www.xiaohongshu.com/user/profile/64d49e30000000000101e738?channel_type=web_profile_page&xsec_token=ABYPgztoOKQK5sZA1JvO-UNRiB5RPqiMu245LBSQak6fY%3D&xsec_source=pc_note,1 天前 北京,2025/04/01 18:48:08,2025/04/01 18:48:09,2025-04-03T02:24:50.731Z,67ebc468000000001c0093fb,https://www.xiaohongshu.com/explore/67ebc468000000001c0093fb?xsec_token=ABxGkXH_Y-uNQYHl1UkgX9pHNoRs7f7m2pGGJIggn-lO8=&xsec_source=pc_user,“你不必准备好了再出发”,求职没有心力支撑，总想躺平，总想放弃，一点点都进展不下去怎么办？ 大家在找工作中的情绪和能量低问题，我也说一说我自己的解法。 1、每个人一天的能量是守恒的，把能量花在重要的事情上，从别的事情节省能量。 2、把精力放在事情上，先从小事，例行但不会错的事去做。 3、放弃完美，先给自己掌控感的正反馈。,#求职心态|#找工作|#校招|#求职|#互联网大厂|#春招|#第二人生梦想家|#春招坦白局|#为春招人撑伞,38,35,11,video,http://sns-webpic-qc.xhscdn.com/202504031024/a5795ae058c2b07822c0f2f34cdcd9b6/spectrum/1040g34o31fntohm1ni0g5p6kjoo0bppouiobbd8!nd_dft_wlteh_webp_3,https://sns-video-bd.xhscdn.com/spectrum/1040g0jg31fntqhhr7i005p6kjoo0bpposquq12g,,"林木校招求职: 校招礼包:offer (1 天前北京, 点赞:赞)|  ↳林木校招求职: ④我666令页 (1 天前北京, 点赞:赞)||电量还剩百分之七: offer (1 天前湖南, 点赞:赞)|  ↳林木校招求职: ④💌已回 (昨天 11:19北京, 点赞:赞)||臭要饭的: offer (1 天前北京, 点赞:赞)|  ↳林木校招求职: ④💌已回 (1 天前北京, 点赞:赞)||小红薯61957103: offer (1 天前北京, 点赞:赞)|  ↳林木校招求职: ④💌已回 (1 天前北京, 点赞:赞)||我是韦同学: offer (1 天前北京, 点赞:赞)||一只小南: offer (1 天前北京, 点赞:赞)"
林木校招求职,https://www.xiaohongshu.com/user/profile/64d49e30000000000101e738?channel_type=web_profile_page&xsec_token=ABYPgztoOKQK5sZA1JvO-UNRiB5RPqiMu245LBSQak6fY%3D&xsec_source=pc_note,昨天 19:42 北京,2025/04/02 19:42:18,2025/04/02 19:42:18,2025-04-03T02:24:53.710Z,67ed229a000000001b03b5c8,https://www.xiaohongshu.com/explore/67ed229a000000001b03b5c8?xsec_token=AB_iBKGcV0v21IWkVSrvRODvn-3q4FiU3grzksCLmHLcQ=&xsec_source=pc_user,大厂面试官，优先考虑什么特质的产品同学,想要做产品经理，但又不知道自己合不合适？ 抓住以下这四个特质，你也可以做产品经理 1️⃣有欲望2️⃣有好奇心3️⃣有敏感度4️⃣有逻辑能力 祝大家都能拥有心仪的offer～🌟,#林木求职|#找工作|#校招|#求职|#互联网大厂|#产品经理|#春招|#第二人生梦想家|#春招坦白局|#为春招人撑伞,44,45,11,video,http://sns-webpic-qc.xhscdn.com/202504031024/59b0e8ff45fe2b15adb9d9b48701ae5c/spectrum/1040g34o31fp8eao3ge005p6kjoo0bppobju7r4g!nd_dft_wlteh_webp_3,https://sns-video-bd.xhscdn.com/spectrum/1040g0jg31fp894cfnk005p6kjoo0bppo5ntljg0,,"林木校招求职: 产品经理手册:offer (昨天 19:45北京, 点赞:赞)|  ↳林木校招求职: ④我666令页 (昨天 19:45北京, 点赞:赞)||我是韦同学: offer (昨天 19:49北京, 点赞:赞)|  ↳林木校招求职: 回你了 (昨天 19:53北京, 点赞:赞)||臭要饭的: offer (昨天 19:52北京, 点赞:赞)|  ↳林木校招求职: ④💌已回 (昨天 19:53北京, 点赞:赞)||Shane: offer (昨天 21:58广东, 点赞:赞)||你的Daddy: offer (昨天 20:42四川, 点赞:1)||一只小南: offer (昨天 19:49北京, 点赞:赞)|  ↳林木校招求职: ④📭已回 (昨天 19:53北京, 点赞:赞)"